instrument_id,session,open,close,previous_close,gap,intraday_return,gap_bucket,continuation
ZZ0000000008:XETR:EUR,2024-01-02,100.0,103.29463820171392,,,0.032946382017139175,unknown,
ZZ0000000008:XETR:EUR,2024-01-03,103.29463820171392,107.0912991936852,103.29463820171392,0.0,0.036755644417449274,flat,0.0
ZZ0000000008:XETR:EUR,2024-01-04,107.0912991936852,110.1786240783014,107.0912991936852,0.0,0.028828904942431066,flat,0.0
ZZ0000000008:XETR:EUR,2024-01-05,110.1786240783014,115.28870887448144,110.1786240783014,0.0,0.04638000191896041,flat,0.0
ZZ0000000008:XETR:EUR,2024-01-08,115.28870887448144,118.84874127846112,115.28870887448144,0.0,0.030879280709575907,flat,0.0
ZZ0000000008:XETR:EUR,2024-01-09,118.84874127846112,122.31672054037186,118.84874127846112,0.0,0.029179772748163302,flat,0.0
ZZ0000000008:XETR:EUR,2024-01-10,122.31672054037186,125.61528254653768,122.31672054037186,0.0,0.02696738427578338,flat,0.0
ZZ0000000008:XETR:EUR,2024-01-11,125.61528254653768,130.45372156816072,125.61528254653768,0.0,0.03851791695672446,flat,0.0
ZZ0000000008:XETR:EUR,2024-01-12,130.45372156816072,134.09319057497936,130.45372156816072,0.0,0.027898544886793886,flat,0.0
