timestamp,equity,cash,exposure,unrealized_pnl,fx_pnl
2024-01-02 08:00:00+00:00,10000.0,10000.0,0.0,0.0,0.0
2024-01-02 08:05:00+00:00,10000.0,10000.0,0.0,0.0,0.0
2024-01-02 08:10:00+00:00,10000.0,10000.0,0.0,0.0,0.0
2024-01-02 08:15:00+00:00,10000.0,10000.0,0.0,0.0,0.0
2024-01-02 08:20:00+00:00,10000.0,10000.0,0.0,0.0,0.0
2024-01-02 08:25:00+00:00,10000.0,10000.0,0.0,0.0,0.0
2024-01-02 08:30:00+00:00,10000.0,10000.0,0.0,0.0,0.0
2024-01-02 08:35:00+00:00,10000.0,10000.0,0.0,0.0,0.0
2024-01-02 08:40:00+00:00,10000.0,10000.0,0.0,0.0,0.0
2024-01-02 08:45:00+00:00,9998.365174513325,86.99478964958507,9911.37038486374,-0.6348254866752541,0.0
2024-01-02 08:50:00+00:00,9995.070834299002,86.99478964958507,9908.076044649417,-3.9291657009980554,0.0
2024-01-02 08:55:00+00:00,10005.514674944458,86.99478964958507,9918.519885294872,6.514674944457511,0.0
2024-01-02 09:00:00+00:00,10015.162481927704,86.99478964958507,9928.167692278119,16.162481927703993,0.0
2024-01-02 09:05:00+00:00,10019.162597308843,86.99478964958507,9932.167807659258,20.162597308843033,0.0
2024-01-02 09:10:00+00:00,10031.603400133563,86.99478964958507,9944.608610483978,32.6034001335629,0.0
2024-01-02 09:15:00+00:00,10038.805978137116,86.99478964958507,9951.81118848753,39.805978137115744,0.0
2024-01-02 09:20:00+00:00,10035.44846547731,86.99478964958507,9948.453675827725,36.44846547730958,0.0
2024-01-02 09:25:00+00:00,10041.867294190288,86.99478964958507,9954.872504540703,42.867294190287794,0.0
2024-01-02 09:30:00+00:00,10037.715922177858,86.99478964958507,9950.721132528273,38.715922177858374,0.0
2024-01-02 09:35:00+00:00,10048.197161904116,86.99478964958507,9961.202372254531,49.197161904116,0.0
2024-01-02 09:40:00+00:00,10051.286203920354,86.99478964958507,9964.291414270769,52.28620392035373,0.0
2024-01-02 09:45:00+00:00,10053.300291472702,86.99478964958507,9966.305501823117,54.300291472702156,0.0
2024-01-02 09:50:00+00:00,10051.35960588076,86.99478964958507,9964.364816231175,52.35960588075977,0.0
2024-01-02 09:55:00+00:00,10064.601402713492,86.99478964958507,9977.606613063906,65.60140271349155,0.0
2024-01-02 10:00:00+00:00,10066.860353199212,86.99478964958507,9979.865563549627,67.86035319921211,0.0
2024-01-02 10:05:00+00:00,10066.93358314927,86.99478964958507,9979.938793499685,67.93358314926991,0.0
2024-01-02 10:10:00+00:00,10067.615167975715,86.99478964958507,9980.62037832613,68.61516797571494,0.0
2024-01-02 10:15:00+00:00,10075.361610471913,86.99478964958507,9988.366820822328,76.36161047191308,0.0
2024-01-02 10:20:00+00:00,10081.779751495698,86.99478964958507,9994.784961846113,82.77975149569829,0.0
2024-01-02 10:25:00+00:00,10088.58037777556,86.99478964958507,10001.585588125974,89.5803777755591,0.0
2024-01-02 10:30:00+00:00,10095.530460920989,86.99478964958507,10008.535671271404,96.53046092098884,0.0
2024-01-02 10:35:00+00:00,10116.202572769973,86.99478964958507,10029.207783120388,117.2025727699729,0.0
2024-01-02 10:40:00+00:00,10116.451982078805,86.99478964958507,10029.45719242922,117.45198207880458,0.0
2024-01-02 10:45:00+00:00,10115.852296806494,86.99478964958507,10028.857507156908,116.85229680649354,0.0
2024-01-02 10:50:00+00:00,10112.833882667715,86.99478964958507,10025.83909301813,113.83388266771544,0.0
2024-01-02 10:55:00+00:00,10121.287056408042,86.99478964958507,10034.292266758457,122.28705640804219,0.0
2024-01-02 11:00:00+00:00,10133.869691551417,86.99478964958507,10046.874901901832,134.86969155141742,0.0
2024-01-02 11:05:00+00:00,10136.470581680449,86.99478964958507,10049.475792030864,137.47058168044896,0.0
2024-01-02 11:10:00+00:00,10133.233913800359,86.99478964958507,10046.239124150774,134.233913800359,0.0
2024-01-02 11:15:00+00:00,10130.124230517293,86.99478964958507,10043.129440867708,131.12423051729274,0.0
2024-01-02 11:20:00+00:00,10138.870321958077,86.99478964958507,10051.875532308492,139.8703219580766,0.0
2024-01-02 11:25:00+00:00,10148.369843061948,86.99478964958507,10061.375053412363,149.3698430619479,0.0
2024-01-02 11:30:00+00:00,10156.266324457132,86.99478964958507,10069.271534807547,157.2663244571322,0.0
2024-01-02 11:35:00+00:00,10154.429778638125,86.99478964958507,10067.43498898854,155.42977863812484,0.0
2024-01-02 11:40:00+00:00,10159.824641069074,86.99478964958507,10072.829851419488,160.82464106907355,0.0
2024-01-02 11:45:00+00:00,10164.291406652384,86.99478964958507,10077.2966170028,165.29140665238447,0.0
2024-01-02 11:50:00+00:00,10169.582881113693,86.99478964958507,10082.588091464107,170.58288111369257,0.0
2024-01-02 11:55:00+00:00,10180.146322632785,86.99478964958507,10093.1515329832,181.1463226327851,0.0
2024-01-02 12:00:00+00:00,10185.48576450208,86.99478964958507,10098.490974852495,186.4857645020802,0.0
2024-01-02 12:05:00+00:00,10194.509067229994,86.99478964958507,10107.514277580409,195.5090672299939,0.0
2024-01-02 12:10:00+00:00,10198.593967578418,86.99478964958507,10111.599177928832,199.5939675784175,0.0
2024-01-02 12:15:00+00:00,10204.473503578392,86.99478964958507,10117.478713928807,205.4735035783924,0.0
2024-01-02 12:20:00+00:00,10213.127956661852,86.99478964958507,10126.133167012267,214.1279566618523,0.0
2024-01-02 12:25:00+00:00,10204.871188251376,86.99478964958507,10117.876398601791,205.87118825137622,0.0
2024-01-02 12:30:00+00:00,10205.824974859353,86.99478964958507,10118.830185209768,206.82497485935346,0.0
2024-01-02 12:35:00+00:00,10205.558872113148,86.99478964958507,10118.564082463563,206.55887211314803,0.0
2024-01-02 12:40:00+00:00,10203.928879684629,86.99478964958507,10116.934090035043,204.92887968462855,0.0
2024-01-02 12:45:00+00:00,10205.243015141488,86.99478964958507,10118.248225491903,206.24301514148829,0.0
2024-01-02 12:50:00+00:00,10220.89744922835,86.99478964958507,10133.902659578765,221.89744922835052,0.0
2024-01-02 12:55:00+00:00,10217.425511451913,86.99478964958507,10130.430721802328,218.42551145191283,0.0
2024-01-02 13:00:00+00:00,10228.824832403025,86.99478964958507,10141.83004275344,229.82483240302463,0.0
2024-01-02 13:05:00+00:00,10218.72560129797,86.99478964958507,10131.730811648385,219.72560129797057,0.0
2024-01-02 13:10:00+00:00,10219.557369240983,86.99478964958507,10132.562579591398,220.55736924098346,0.0
2024-01-02 13:15:00+00:00,10224.424219080689,86.99478964958507,10137.429429431104,225.424219080689,0.0
2024-01-02 13:20:00+00:00,10232.729950032943,86.99478964958507,10145.735160383358,233.72995003294272,0.0
2024-01-02 13:25:00+00:00,10242.057976037242,86.99478964958507,10155.063186387657,243.05797603724204,0.0
2024-01-02 13:30:00+00:00,10252.06236593615,86.99478964958507,10165.067576286565,253.06236593614994,0.0
2024-01-02 13:35:00+00:00,10252.784314083945,86.99478964958507,10165.78952443436,253.784314083945,0.0
2024-01-02 13:40:00+00:00,10252.582205618228,86.99478964958507,10165.587415968643,253.58220561822782,0.0
2024-01-02 13:45:00+00:00,10263.123085509973,86.99478964958507,10176.128295860388,264.12308550997295,0.0
2024-01-02 13:50:00+00:00,10265.127537919212,86.99478964958507,10178.132748269627,266.12753791921205,0.0
2024-01-02 13:55:00+00:00,10258.304888302118,86.99478964958507,10171.310098652533,259.30488830211834,0.0
2024-01-02 14:00:00+00:00,10252.644809719337,86.99478964958507,10165.650020069752,253.644809719337,0.0
2024-01-02 14:05:00+00:00,10248.726078611757,86.99478964958507,10161.731288962172,249.72607861175675,0.0
2024-01-02 14:10:00+00:00,10256.327137083932,86.99478964958507,10169.332347434347,257.32713708393203,0.0
2024-01-02 14:15:00+00:00,10261.046197718717,86.99478964958507,10174.051408069132,262.04619771871694,0.0
2024-01-02 14:20:00+00:00,10270.231286137383,86.99478964958507,10183.236496487798,271.231286137383,0.0
2024-01-02 14:25:00+00:00,10270.314767460222,86.99478964958507,10183.319977810637,271.31476746022236,0.0
2024-01-02 14:30:00+00:00,10275.171655642418,86.99478964958507,10188.176865992833,276.17165564241805,0.0
2024-01-02 14:35:00+00:00,10283.840103624056,86.99478964958507,10196.84531397447,284.8401036240557,0.0
2024-01-02 14:40:00+00:00,10284.885566023728,86.99478964958507,10197.890776374143,285.88556602372773,0.0
2024-01-02 14:45:00+00:00,10292.183953376572,86.99478964958507,10205.189163726987,293.1839533765724,0.0
2024-01-02 14:50:00+00:00,10290.351870502798,86.99478964958507,10203.357080853213,291.3518705027982,0.0
2024-01-02 14:55:00+00:00,10290.959569148381,86.99478964958507,10203.964779498796,291.959569148381,0.0
2024-01-02 15:00:00+00:00,10291.414774954137,86.99478964958507,10204.419985304552,292.4147749541371,0.0
2024-01-02 15:05:00+00:00,10285.22591945767,86.99478964958507,10198.231129808086,286.2259194576709,0.0
2024-01-02 15:10:00+00:00,10292.77109646291,86.99478964958507,10205.776306813324,293.77109646290955,0.0
2024-01-02 15:15:00+00:00,10292.510629268512,86.99478964958507,10205.515839618927,293.5106292685123,0.0
2024-01-02 15:20:00+00:00,10296.185228333146,86.99478964958507,10209.190438683561,297.18522833314637,0.0
2024-01-02 15:25:00+00:00,10303.687627625364,86.99478964958507,10216.69283797578,304.68762762536426,0.0
2024-01-02 15:30:00+00:00,10310.915683242452,86.99478964958507,10223.920893592867,311.91568324245236,0.0
2024-01-02 15:35:00+00:00,10319.940311995557,86.99478964958507,10232.945522345972,320.94031199555684,0.0
2024-01-02 15:40:00+00:00,10322.715982030153,86.99478964958507,10235.721192380568,323.7159820301531,0.0
2024-01-02 15:45:00+00:00,10322.832274305474,86.99478964958507,10235.837484655889,323.83227430547413,0.0
2024-01-02 15:50:00+00:00,10325.762450629465,86.99478964958507,10238.76766097988,326.7624506294651,0.0
2024-01-02 15:55:00+00:00,10315.530155444685,86.99478964958507,10228.5353657951,316.5301554446851,0.0
2024-01-02 16:00:00+00:00,10307.272005402197,86.99478964958507,10220.277215752612,308.27200540219746,0.0
2024-01-02 16:05:00+00:00,10300.036979137902,86.99478964958507,10213.042189488317,301.03697913790165,0.0
2024-01-02 16:10:00+00:00,10295.464628585214,86.99478964958507,10208.469838935629,296.4646285852141,0.0
2024-01-02 16:15:00+00:00,10302.304750104795,86.99478964958507,10215.30996045521,303.30475010479495,0.0
2024-01-02 16:20:00+00:00,10298.481025034353,86.99478964958507,10211.486235384767,299.48102503435257,0.0
2024-01-02 16:25:00+00:00,10298.965775349936,86.99478964958507,10211.97098570035,299.96577534993594,0.0
2024-01-02 16:30:00+00:00,10313.163971619264,86.99478964958507,10226.169181969679,314.163971619264,0.0
2024-01-03 08:05:00+00:00,10313.828579915562,86.99478964958507,10226.833790265977,314.82857991556193,0.0
2024-01-03 08:10:00+00:00,10323.446450802307,86.99478964958507,10236.451661152721,324.4464508023066,0.0
2024-01-03 08:15:00+00:00,10319.384469224251,86.99478964958507,10232.389679574666,320.384469224251,0.0
2024-01-03 08:20:00+00:00,10321.284288239764,86.99478964958507,10234.289498590178,322.28428823976355,0.0
2024-01-03 08:25:00+00:00,10317.088909120775,86.99478964958507,10230.09411947119,318.0889091207755,0.0
2024-01-03 08:30:00+00:00,10317.894801582814,86.99478964958507,10230.900011933229,318.89480158281367,0.0
2024-01-03 08:35:00+00:00,10328.358650819286,86.99478964958507,10241.3638611697,329.3586508192857,0.0
2024-01-03 08:40:00+00:00,10317.796484859802,86.99478964958507,10230.801695210217,318.79648485980215,0.0
2024-01-03 08:45:00+00:00,10324.935356703192,86.99478964958507,10237.940567053607,325.93535670319216,0.0
2024-01-03 08:50:00+00:00,10330.46726827848,86.99478964958507,10243.472478628895,331.46726827848033,0.0
2024-01-03 08:55:00+00:00,10329.183637104497,86.99478964958507,10242.188847454912,330.1836371044974,0.0
2024-01-03 09:00:00+00:00,10320.92309803867,86.99478964958507,10233.928308389084,321.9230980386692,0.0
2024-01-03 09:05:00+00:00,10325.096358184095,86.99478964958507,10238.10156853451,326.09635818409515,0.0
2024-01-03 09:10:00+00:00,10324.342921349546,86.99478964958507,10237.34813169996,325.3429213495456,0.0
2024-01-03 09:15:00+00:00,10329.833054708924,86.99478964958507,10242.83826505934,330.83305470892446,0.0
2024-01-03 09:20:00+00:00,10333.59780219113,86.99478964958507,10246.603012541545,334.59780219113054,0.0
2024-01-03 09:25:00+00:00,10350.32799047336,86.99478964958507,10263.333200823776,351.32799047336084,0.0
2024-01-03 09:30:00+00:00,10351.955016798087,86.99478964958507,10264.960227148502,352.95501679808694,0.0
2024-01-03 09:35:00+00:00,10347.143951831024,86.99478964958507,10260.149162181438,348.1439518310235,0.0
2024-01-03 09:40:00+00:00,10352.207769035316,86.99478964958507,10265.212979385731,353.20776903531623,0.0
2024-01-03 09:45:00+00:00,10357.608664134408,86.99478964958507,10270.613874484823,358.6086641344082,0.0
2024-01-03 09:50:00+00:00,10372.38174610684,86.99478964958507,10285.386956457254,373.3817461068393,0.0
2024-01-03 09:55:00+00:00,10382.858517632303,86.99478964958507,10295.863727982718,383.8585176323031,0.0
2024-01-03 10:00:00+00:00,10389.403586036766,86.99478964958507,10302.40879638718,390.4035860367658,0.0
2024-01-03 10:05:00+00:00,10405.081782221254,86.99478964958507,10318.086992571669,406.0817822212539,0.0
2024-01-03 10:10:00+00:00,10398.882367325366,86.99478964958507,10311.887577675781,399.88236732536643,0.0
2024-01-03 10:15:00+00:00,10397.214026244317,86.99478964958507,10310.219236594732,398.2140262443172,0.0
2024-01-03 10:20:00+00:00,10393.180831167856,86.99478964958507,10306.186041518271,394.180831167856,0.0
2024-01-03 10:25:00+00:00,10393.574041901551,86.99478964958507,10306.579252251966,394.574041901551,0.0
2024-01-03 10:30:00+00:00,10385.833113165003,86.99478964958507,10298.838323515418,386.83311316500294,0.0
2024-01-03 10:35:00+00:00,10394.674553077059,86.99478964958507,10307.679763427474,395.6745530770586,0.0
2024-01-03 10:40:00+00:00,10396.44991354951,86.99478964958507,10309.455123899925,397.4499135495098,0.0
2024-01-03 10:45:00+00:00,10387.93117512309,86.99478964958507,10300.936385473506,388.9311751230907,0.0
2024-01-03 10:50:00+00:00,10383.1684718226,86.99478964958507,10296.173682173016,384.1684718226006,0.0
2024-01-03 10:55:00+00:00,10389.356385728923,86.99478964958507,10302.361596079338,390.35638572892276,0.0
2024-01-03 11:00:00+00:00,10399.875325042627,86.99478964958507,10312.880535393042,400.8753250426271,0.0
2024-01-03 11:05:00+00:00,10419.978038453319,86.99478964958507,10332.983248803734,420.97803845331873,0.0
2024-01-03 11:10:00+00:00,10447.718867442758,86.99478964958507,10360.724077793173,448.718867442758,0.0
2024-01-03 11:15:00+00:00,10454.782393024936,86.99478964958507,10367.787603375351,455.782393024936,0.0
2024-01-03 11:20:00+00:00,10450.204672747812,86.99478964958507,10363.209883098227,451.20467274781186,0.0
2024-01-03 11:25:00+00:00,10436.165439938684,86.99478964958507,10349.1706502891,437.16543993868436,0.0
2024-01-03 11:30:00+00:00,10442.005770265603,86.99478964958507,10355.010980616018,443.00577026560313,0.0
2024-01-03 11:35:00+00:00,10438.896079959584,86.99478964958507,10351.90129031,439.8960799595843,0.0
2024-01-03 11:40:00+00:00,10439.079457149302,86.99478964958507,10352.084667499717,440.07945714930247,0.0
2024-01-03 11:45:00+00:00,10437.633605450852,86.99478964958507,10350.638815801267,438.633605450852,0.0
2024-01-03 11:50:00+00:00,10440.09080016259,86.99478964958507,10353.096010513005,441.0908001625903,0.0
2024-01-03 11:55:00+00:00,10452.550832168557,86.99478964958507,10365.556042518972,453.55083216855746,0.0
2024-01-03 12:00:00+00:00,10457.482266063054,86.99478964958507,10370.48747641347,458.48226606305434,0.0
2024-01-03 12:05:00+00:00,10459.796098296416,86.99478964958507,10372.80130864683,460.79609829641595,0.0
2024-01-03 12:10:00+00:00,10454.833661687077,86.99478964958507,10367.838872037491,455.8336616870765,0.0
2024-01-03 12:15:00+00:00,10444.577207427716,86.99478964958507,10357.58241777813,445.5772074277156,0.0
2024-01-03 12:20:00+00:00,10444.172789770582,86.99478964958507,10357.178000120997,445.1727897705823,0.0
2024-01-03 12:25:00+00:00,10447.352661752902,86.99478964958507,10360.357872103317,448.35266175290235,0.0
2024-01-03 12:30:00+00:00,10465.648031202165,86.99478964958507,10378.65324155258,466.64803120216493,0.0
2024-01-03 12:35:00+00:00,10470.363289904803,86.99478964958507,10383.368500255217,471.3632899048025,0.0
2024-01-03 12:40:00+00:00,10482.167490713147,86.99478964958507,10395.172701063562,483.16749071314734,0.0
2024-01-03 12:45:00+00:00,10481.653602680475,86.99478964958507,10394.65881303089,482.65360268047516,0.0
2024-01-03 12:50:00+00:00,10475.439922269228,86.99478964958507,10388.445132619643,476.4399222692282,0.0
2024-01-03 12:55:00+00:00,10471.055953328112,86.99478964958507,10384.061163678527,472.0559533281121,0.0
2024-01-03 13:00:00+00:00,10468.666016355512,86.99478964958507,10381.671226705927,469.6660163555116,0.0
2024-01-03 13:05:00+00:00,10489.999148244371,86.99478964958507,10403.004358594786,490.9991482443711,0.0
2024-01-03 13:10:00+00:00,10486.804778942065,86.99478964958507,10399.80998929248,487.80477894206524,0.0
2024-01-03 13:15:00+00:00,10497.426235379051,86.99478964958507,10410.431445729466,498.4262353790509,0.0
2024-01-03 13:20:00+00:00,10493.55071874777,86.99478964958507,10406.555929098186,494.5507187477706,0.0
2024-01-03 13:25:00+00:00,10504.954830736127,86.99478964958507,10417.960041086542,505.9548307361274,0.0
2024-01-03 13:30:00+00:00,10511.811695303228,86.99478964958507,10424.816905653643,512.8116953032277,0.0
2024-01-03 13:35:00+00:00,10514.154307267863,86.99478964958507,10427.159517618278,515.1543072678633,0.0
2024-01-03 13:40:00+00:00,10517.464308461964,86.99478964958507,10430.469518812379,518.4643084619638,0.0
2024-01-03 13:45:00+00:00,10515.651335893988,86.99478964958507,10428.656546244403,516.6513358939883,0.0
2024-01-03 13:50:00+00:00,10523.025518654558,86.99478964958507,10436.030729004973,524.0255186545583,0.0
2024-01-03 13:55:00+00:00,10522.879553164885,86.99478964958507,10435.8847635153,523.8795531648848,0.0
2024-01-03 14:00:00+00:00,10516.301962172014,86.99478964958507,10429.307172522429,517.3019621720141,0.0
2024-01-03 14:05:00+00:00,10509.292173654418,86.99478964958507,10422.297384004833,510.29217365441764,0.0
2024-01-03 14:10:00+00:00,10514.380229385057,86.99478964958507,10427.385439735472,515.3802293850567,0.0
2024-01-03 14:15:00+00:00,10531.216025545307,86.99478964958507,10444.221235895722,532.2160255453073,0.0
2024-01-03 14:20:00+00:00,10536.209486549664,86.99478964958507,10449.214696900079,537.2094865496638,0.0
2024-01-03 14:25:00+00:00,10538.875309818031,86.99478964958507,10451.880520168446,539.8753098180314,0.0
2024-01-03 14:30:00+00:00,10544.925154764202,86.99478964958507,10457.930365114617,545.9251547642016,0.0
2024-01-03 14:35:00+00:00,10559.52206814025,86.99478964958507,10472.527278490665,560.5220681402498,0.0
2024-01-03 14:40:00+00:00,10565.026890353562,86.99478964958507,10478.032100703977,566.0268903535616,0.0
2024-01-03 14:45:00+00:00,10565.249636983814,86.99478964958507,10478.254847334229,566.2496369838136,0.0
2024-01-03 14:50:00+00:00,10578.198600751073,86.99478964958507,10491.203811101488,579.1986007510732,0.0
2024-01-03 14:55:00+00:00,10585.471578844505,86.99478964958507,10498.47678919492,586.4715788445046,0.0
2024-01-03 15:00:00+00:00,10602.057612581217,86.99478964958507,10515.062822931632,603.0576125812167,0.0
2024-01-03 15:05:00+00:00,10607.28055858186,86.99478964958507,10520.285768932275,608.2805585818605,0.0
2024-01-03 15:10:00+00:00,10600.659331796734,86.99478964958507,10513.66454214715,601.6593317967345,0.0
2024-01-03 15:15:00+00:00,10592.83453414701,86.99478964958507,10505.839744497425,593.8345341470103,0.0
2024-01-03 15:20:00+00:00,10610.401756550958,86.99478964958507,10523.406966901373,611.4017565509585,0.0
2024-01-03 15:25:00+00:00,10628.611755066837,86.99478964958507,10541.616965417252,629.6117550668368,0.0
2024-01-03 15:30:00+00:00,10630.787607300754,86.99478964958507,10543.792817651169,631.7876073007537,0.0
2024-01-03 15:35:00+00:00,10631.24574656044,86.99478964958507,10544.250956910855,632.2457465604402,0.0
2024-01-03 15:40:00+00:00,10647.276276046925,86.99478964958507,10560.28148639734,648.276276046925,0.0
2024-01-03 15:45:00+00:00,10641.621317986921,86.99478964958507,10554.626528337336,642.621317986921,0.0
2024-01-03 15:50:00+00:00,10637.761335646253,86.99478964958507,10550.766545996668,638.7613356462534,0.0
2024-01-03 15:55:00+00:00,10646.888121817576,86.99478964958507,10559.89333216799,647.8881218175757,0.0
2024-01-03 16:00:00+00:00,10647.250500296892,86.99478964958507,10560.255710647307,648.2505002968919,0.0
2024-01-03 16:05:00+00:00,10650.903951050253,86.99478964958507,10563.909161400668,651.9039510502535,0.0
2024-01-03 16:10:00+00:00,10653.220296425357,86.99478964958507,10566.225506775772,654.2202964253574,0.0
2024-01-03 16:15:00+00:00,10659.774018038244,86.99478964958507,10572.77922838866,660.7740180382443,0.0
2024-01-03 16:20:00+00:00,10675.390809001568,86.99478964958507,10588.396019351983,676.3908090015684,0.0
2024-01-03 16:25:00+00:00,10679.86501173949,86.99478964958507,10592.870222089905,680.86501173949,0.0
2024-01-03 16:30:00+00:00,10689.03340982442,86.99478964958507,10602.038620174835,690.0334098244202,0.0
2024-01-04 08:05:00+00:00,10675.364139823112,86.99478964958507,10588.369350173527,676.364139823112,0.0
2024-01-04 08:10:00+00:00,10678.657902543822,86.99478964958507,10591.663112894237,679.6579025438223,0.0
2024-01-04 08:15:00+00:00,10675.220573755223,86.99478964958507,10588.225784105638,676.2205737552231,0.0
2024-01-04 08:20:00+00:00,10668.60446639759,86.99478964958507,10581.609676748005,669.6044663975899,0.0
2024-01-04 08:25:00+00:00,10664.87487473759,86.99478964958507,10577.880085088005,665.8748747375903,0.0
2024-01-04 08:30:00+00:00,10665.749714790576,86.99478964958507,10578.754925140991,666.749714790576,0.0
2024-01-04 08:35:00+00:00,10677.209768746017,86.99478964958507,10590.214979096432,678.2097687460173,0.0
2024-01-04 08:40:00+00:00,10669.681593779846,86.99478964958507,10582.68680413026,670.6815937798456,0.0
2024-01-04 08:45:00+00:00,10673.64560718074,86.99478964958507,10586.650817531156,674.6456071807406,0.0
2024-01-04 08:50:00+00:00,10673.250356163599,86.99478964958507,10586.255566514013,674.2503561635986,0.0
2024-01-04 08:55:00+00:00,10674.180521578808,86.99478964958507,10587.185731929223,675.1805215788081,0.0
2024-01-04 09:00:00+00:00,10686.386173621515,86.99478964958507,10599.39138397193,687.3861736215149,0.0
2024-01-04 09:05:00+00:00,10694.662146753888,86.99478964958507,10607.667357104303,695.662146753888,0.0
2024-01-04 09:10:00+00:00,10709.734868212583,86.99478964958507,10622.740078562998,710.734868212583,0.0
2024-01-04 09:15:00+00:00,10712.140080557314,86.99478964958507,10625.145290907729,713.1400805573139,0.0
2024-01-04 09:20:00+00:00,10709.943515400862,86.99478964958507,10622.948725751277,710.9435154008625,0.0
2024-01-04 09:25:00+00:00,10711.759270031618,86.99478964958507,10624.764480382033,712.7592700316181,0.0
2024-01-04 09:30:00+00:00,10717.540687030785,86.99478964958507,10630.5458973812,718.5406870307852,0.0
2024-01-04 09:35:00+00:00,10722.764318019901,86.99478964958507,10635.769528370316,723.7643180199011,0.0
2024-01-04 09:40:00+00:00,10717.261620037047,86.99478964958507,10630.266830387462,718.2616200370467,0.0
2024-01-04 09:45:00+00:00,10721.752706279269,86.99478964958507,10634.757916629684,722.7527062792688,0.0
2024-01-04 09:50:00+00:00,10727.418102494677,86.99478964958507,10640.423312845092,728.4181024946774,0.0
2024-01-04 09:55:00+00:00,10752.601597106092,86.99478964958507,10665.606807456506,753.6015971060915,0.0
2024-01-04 10:00:00+00:00,10772.367000754715,86.99478964958507,10685.37221110513,773.3670007547153,0.0
2024-01-04 10:05:00+00:00,10768.813693736965,86.99478964958507,10681.81890408738,769.8136937369654,0.0
2024-01-04 10:10:00+00:00,10770.096585765934,86.99478964958507,10683.101796116349,771.0965857659339,0.0
2024-01-04 10:15:00+00:00,10761.331988771197,86.99478964958507,10674.337199121612,762.3319887711968,0.0
2024-01-04 10:20:00+00:00,10760.023762281968,86.99478964958507,10673.028972632383,761.0237622819677,0.0
2024-01-04 10:25:00+00:00,10766.456028974493,86.99478964958507,10679.461239324908,767.4560289744932,0.0
2024-01-04 10:30:00+00:00,10780.505367200694,86.99478964958507,10693.51057755111,781.5053672006943,0.0
2024-01-04 10:35:00+00:00,10778.01121423136,86.99478964958507,10691.016424581774,779.0112142313592,0.0
2024-01-04 10:40:00+00:00,10776.158438275652,86.99478964958507,10689.163648626067,777.1584382756519,0.0
2024-01-04 10:45:00+00:00,10761.547461434066,86.99478964958507,10674.55267178448,762.5474614340656,0.0
2024-01-04 10:50:00+00:00,10763.894704151242,86.99478964958507,10676.899914501657,764.894704151242,0.0
2024-01-04 10:55:00+00:00,10758.558319271471,86.99478964958507,10671.563529621886,759.5583192714712,0.0
2024-01-04 11:00:00+00:00,10757.77343818442,86.99478964958507,10670.778648534835,758.7734381844202,0.0
2024-01-04 11:05:00+00:00,10754.02343997534,86.99478964958507,10667.028650325756,755.0234399753408,0.0
2024-01-04 11:10:00+00:00,10756.952901091357,86.99478964958507,10669.958111441772,757.9529010913575,0.0
2024-01-04 11:15:00+00:00,10745.68942497614,86.99478964958507,10658.694635326556,746.6894249761408,0.0
2024-01-04 11:20:00+00:00,10736.914152581106,86.99478964958507,10649.919362931521,737.9141525811065,0.0
2024-01-04 11:25:00+00:00,10758.805140155437,86.99478964958507,10671.810350505852,759.8051401554367,0.0
2024-01-04 11:30:00+00:00,10751.551436389569,86.99478964958507,10664.556646739984,752.5514363895691,0.0
2024-01-04 11:35:00+00:00,10745.928128747932,86.99478964958507,10658.933339098347,746.9281287479316,0.0
2024-01-04 11:40:00+00:00,10765.34004142622,86.99478964958507,10678.345251776635,766.3400414262196,0.0
2024-01-04 11:45:00+00:00,10793.93272257965,86.99478964958507,10706.937932930065,794.9327225796496,0.0
2024-01-04 11:50:00+00:00,10787.646883783324,86.99478964958507,10700.652094133739,788.6468837833236,0.0
2024-01-04 11:55:00+00:00,10788.239725261581,86.99478964958507,10701.244935611996,789.239725261581,0.0
2024-01-04 12:00:00+00:00,10794.911295470398,86.99478964958507,10707.916505820813,795.9112954703978,0.0
2024-01-04 12:05:00+00:00,10813.483754278148,86.99478964958507,10726.488964628563,814.4837542781479,0.0
2024-01-04 12:10:00+00:00,10808.770651912942,86.99478964958507,10721.775862263357,809.7706519129424,0.0
2024-01-04 12:15:00+00:00,10810.419548972768,86.99478964958507,10723.424759323183,811.4195489727681,0.0
2024-01-04 12:20:00+00:00,10820.84639039292,86.99478964958507,10733.851600743335,821.8463903929205,0.0
2024-01-04 12:25:00+00:00,10828.339224066467,86.99478964958507,10741.344434416882,829.3392240664671,0.0
2024-01-04 12:30:00+00:00,10828.866370015547,86.99478964958507,10741.871580365962,829.8663700155466,0.0
2024-01-04 12:35:00+00:00,10831.476334810917,86.99478964958507,10744.481545161332,832.4763348109173,0.0
2024-01-04 12:40:00+00:00,10823.421889698788,86.99478964958507,10736.427100049203,824.4218896987877,0.0
2024-01-04 12:45:00+00:00,10825.13406766152,86.99478964958507,10738.139278011935,826.13406766152,0.0
2024-01-04 12:50:00+00:00,10826.60411224803,86.99478964958507,10739.609322598444,827.6041122480292,0.0
2024-01-04 12:55:00+00:00,10832.359248118613,86.99478964958507,10745.364458469028,833.3592481186133,0.0
2024-01-04 13:00:00+00:00,10831.346418727444,86.99478964958507,10744.351629077859,832.346418727444,0.0
2024-01-04 13:05:00+00:00,10839.162884194726,86.99478964958507,10752.16809454514,840.1628841947258,0.0
2024-01-04 13:10:00+00:00,10851.644494603495,86.99478964958507,10764.64970495391,852.6444946034953,0.0
2024-01-04 13:15:00+00:00,10856.751847037065,86.99478964958507,10769.75705738748,857.7518470370651,0.0
2024-01-04 13:20:00+00:00,10863.554074111158,86.99478964958507,10776.559284461573,864.5540741111581,0.0
2024-01-04 13:25:00+00:00,10867.784965573772,86.99478964958507,10780.790175924187,868.7849655737718,0.0
2024-01-04 13:30:00+00:00,10871.559630649977,86.99478964958507,10784.564841000392,872.5596306499774,0.0
2024-01-04 13:35:00+00:00,10869.109155266331,86.99478964958507,10782.114365616746,870.1091552663311,0.0
2024-01-04 13:40:00+00:00,10875.61483905668,86.99478964958507,10788.620049407094,876.6148390566796,0.0
2024-01-04 13:45:00+00:00,10878.551585187053,86.99478964958507,10791.556795537468,879.5515851870532,0.0
2024-01-04 13:50:00+00:00,10900.421596644252,86.99478964958507,10813.426806994667,901.4215966442516,0.0
2024-01-04 13:55:00+00:00,10917.830981834772,86.99478964958507,10830.836192185187,918.8309818347716,0.0
2024-01-04 14:00:00+00:00,10924.967357172882,86.99478964958507,10837.972567523297,925.9673571728817,0.0
2024-01-04 14:05:00+00:00,10922.145020635377,86.99478964958507,10835.150230985791,923.1450206353766,0.0
2024-01-04 14:10:00+00:00,10916.296385948472,86.99478964958507,10829.301596298887,917.2963859484717,0.0
2024-01-04 14:15:00+00:00,10930.41523436168,86.99478964958507,10843.420444712096,931.4152343616806,0.0
2024-01-04 14:20:00+00:00,10936.491413550166,86.99478964958507,10849.49662390058,937.4914135501658,0.0
2024-01-04 14:25:00+00:00,10944.459113000707,86.99478964958507,10857.464323351121,945.4591130007066,0.0
2024-01-04 14:30:00+00:00,10933.111735257138,86.99478964958507,10846.116945607553,934.1117352571382,0.0
2024-01-04 14:35:00+00:00,10944.961629746125,86.99478964958507,10857.96684009654,945.9616297461253,0.0
2024-01-04 14:40:00+00:00,10952.711947648831,86.99478964958507,10865.717157999246,953.7119476488315,0.0
2024-01-04 14:45:00+00:00,10946.864022302403,86.99478964958507,10859.869232652818,947.8640223024031,0.0
2024-01-04 14:50:00+00:00,10946.568422357852,86.99478964958507,10859.573632708267,947.5684223578519,0.0
2024-01-04 14:55:00+00:00,10952.662067276096,86.99478964958507,10865.667277626511,953.6620672760964,0.0
2024-01-04 15:00:00+00:00,10956.921955069407,86.99478964958507,10869.927165419822,957.921955069407,0.0
2024-01-04 15:05:00+00:00,10958.185799437468,86.99478964958507,10871.191009787883,959.1857994374677,0.0
2024-01-04 15:10:00+00:00,10961.091071848101,86.99478964958507,10874.096282198516,962.0910718481009,0.0
2024-01-04 15:15:00+00:00,10962.705104302477,86.99478964958507,10875.710314652892,963.7051043024767,0.0
2024-01-04 15:20:00+00:00,10967.840195376346,86.99478964958507,10880.84540572676,968.840195376346,0.0
2024-01-04 15:25:00+00:00,10984.470047877272,86.99478964958507,10897.475258227687,985.470047877272,0.0
2024-01-04 15:30:00+00:00,10965.923886303173,86.99478964958507,10878.929096653588,966.9238863031733,0.0
2024-01-04 15:35:00+00:00,10967.67030986372,86.99478964958507,10880.675520214136,968.6703098637208,0.0
2024-01-04 15:40:00+00:00,10973.016318700427,86.99478964958507,10886.021529050842,974.0163187004273,0.0
2024-01-04 15:45:00+00:00,10979.406058341861,86.99478964958507,10892.411268692276,980.4060583418614,0.0
2024-01-04 15:50:00+00:00,10979.977580017907,86.99478964958507,10892.982790368322,980.9775800179068,0.0
2024-01-04 15:55:00+00:00,10968.48743616505,86.99478964958507,10881.492646515466,969.4874361650509,0.0
2024-01-04 16:00:00+00:00,10975.153263802691,86.99478964958507,10888.158474153106,976.1532638026911,0.0
2024-01-04 16:05:00+00:00,10994.026588016974,86.99478964958507,10907.031798367389,995.0265880169736,0.0
2024-01-04 16:10:00+00:00,10984.464343135734,86.99478964958507,10897.46955348615,985.4643431357345,0.0
2024-01-04 16:15:00+00:00,10995.815196510644,86.99478964958507,10908.82040686106,996.8151965106445,0.0
2024-01-04 16:20:00+00:00,10996.766266982982,86.99478964958507,10909.771477333397,997.7662669829824,0.0
2024-01-04 16:25:00+00:00,11000.04995339323,86.99478964958507,10913.055163743646,1001.0499533932307,0.0
2024-01-04 16:30:00+00:00,10994.678573401423,86.99478964958507,10907.683783751838,995.6785734014229,0.0
2024-01-05 08:05:00+00:00,10995.577786054484,86.99478964958507,10908.582996404899,996.577786054484,0.0
2024-01-05 08:10:00+00:00,11010.751649253816,86.99478964958507,10923.756859604231,1011.7516492538161,0.0
2024-01-05 08:15:00+00:00,11019.67043043335,86.99478964958507,10932.675640783766,1020.6704304333507,0.0
2024-01-05 08:20:00+00:00,11038.664388174833,86.99478964958507,10951.669598525248,1039.6643881748332,0.0
2024-01-05 08:25:00+00:00,11052.822316879608,86.99478964958507,10965.827527230023,1053.8223168796085,0.0
2024-01-05 08:30:00+00:00,11060.51501255722,86.99478964958507,10973.520222907635,1061.51501255722,0.0
2024-01-05 08:35:00+00:00,11079.682145140892,86.99478964958507,10992.687355491307,1080.6821451408923,0.0
2024-01-05 08:40:00+00:00,11087.392860391219,86.99478964958507,11000.398070741634,1088.392860391219,0.0
2024-01-05 08:45:00+00:00,11098.535198597312,86.99478964958507,11011.540408947727,1099.535198597312,0.0
2024-01-05 08:50:00+00:00,11099.776745295952,86.99478964958507,11012.781955646367,1100.7767452959524,0.0
2024-01-05 08:55:00+00:00,11104.218398086936,86.99478964958507,11017.22360843735,1105.2183980869358,0.0
2024-01-05 09:00:00+00:00,11101.927725149413,86.99478964958507,11014.932935499828,1102.9277251494132,0.0
2024-01-05 09:05:00+00:00,11114.510293401449,86.99478964958507,11027.515503751863,1115.5102934014485,0.0
2024-01-05 09:10:00+00:00,11107.976850840536,86.99478964958507,11020.98206119095,1108.976850840536,0.0
2024-01-05 09:15:00+00:00,11118.737259414702,86.99478964958507,11031.742469765117,1119.7372594147018,0.0
2024-01-05 09:20:00+00:00,11120.916013706928,86.99478964958507,11033.921224057343,1121.9160137069284,0.0
2024-01-05 09:25:00+00:00,11135.125786676934,86.99478964958507,11048.130997027349,1136.1257866769338,0.0
2024-01-05 09:30:00+00:00,11145.634186036072,86.99478964958507,11058.639396386487,1146.6341860360717,0.0
2024-01-05 09:35:00+00:00,11165.629861110212,86.99478964958507,11078.635071460627,1166.629861110212,0.0
2024-01-05 09:40:00+00:00,11175.989012462956,86.99478964958507,11088.994222813371,1176.9890124629565,0.0
2024-01-05 09:45:00+00:00,11165.928850344755,86.99478964958507,11078.93406069517,1166.9288503447551,0.0
2024-01-05 09:50:00+00:00,11169.213548265545,86.99478964958507,11082.21875861596,1170.213548265545,0.0
2024-01-05 09:55:00+00:00,11162.703485617509,86.99478964958507,11075.708695967924,1163.7034856175087,0.0
2024-01-05 10:00:00+00:00,11161.987753542404,86.99478964958507,11074.992963892819,1162.9877535424039,0.0
2024-01-05 10:05:00+00:00,11179.266941970733,86.99478964958507,11092.272152321148,1180.2669419707327,0.0
2024-01-05 10:10:00+00:00,11188.810699409993,86.99478964958507,11101.815909760408,1189.8106994099926,0.0
2024-01-05 10:15:00+00:00,11186.489060204276,86.99478964958507,11099.494270554691,1187.489060204276,0.0
2024-01-05 10:20:00+00:00,11181.373662241398,86.99478964958507,11094.378872591813,1182.373662241398,0.0
2024-01-05 10:25:00+00:00,11185.5484376933,86.99478964958507,11098.553648043715,1186.5484376933,0.0
2024-01-05 10:30:00+00:00,11178.633440106392,86.99478964958507,11091.638650456807,1179.6334401063923,0.0
2024-01-05 10:35:00+00:00,11176.560471019196,86.99478964958507,11089.565681369611,1177.5604710191965,0.0
2024-01-05 10:40:00+00:00,11183.211852540155,86.99478964958507,11096.21706289057,1184.2118525401547,0.0
2024-01-05 10:45:00+00:00,11197.360215373215,86.99478964958507,11110.36542572363,1198.3602153732154,0.0
2024-01-05 10:50:00+00:00,11206.663586163248,86.99478964958507,11119.668796513663,1207.6635861632476,0.0
2024-01-05 10:55:00+00:00,11190.184988041152,86.99478964958507,11103.190198391567,1191.1849880411519,0.0
2024-01-05 11:00:00+00:00,11196.776613806232,86.99478964958507,11109.781824156647,1197.7766138062325,0.0
2024-01-05 11:05:00+00:00,11201.30618239498,86.99478964958507,11114.311392745394,1202.3061823949793,0.0
2024-01-05 11:10:00+00:00,11208.878854420693,86.99478964958507,11121.884064771108,1209.8788544206927,0.0
2024-01-05 11:15:00+00:00,11227.166770320511,86.99478964958507,11140.171980670926,1228.1667703205112,0.0
2024-01-05 11:20:00+00:00,11212.68738503856,86.99478964958507,11125.692595388975,1213.68738503856,0.0
2024-01-05 11:25:00+00:00,11211.320313442813,86.99478964958507,11124.325523793228,1212.3203134428131,0.0
2024-01-05 11:30:00+00:00,11220.476340737283,86.99478964958507,11133.481551087698,1221.476340737283,0.0
2024-01-05 11:35:00+00:00,11210.290799625342,86.99478964958507,11123.296009975757,1211.2907996253416,0.0
2024-01-05 11:40:00+00:00,11227.330926593037,86.99478964958507,11140.336136943451,1228.3309265930366,0.0
2024-01-05 11:45:00+00:00,11234.515252993911,86.99478964958507,11147.520463344326,1235.5152529939114,0.0
2024-01-05 11:50:00+00:00,11245.97261888145,86.99478964958507,11158.977829231864,1246.9726188814493,0.0
2024-01-05 11:55:00+00:00,11244.781406578173,86.99478964958507,11157.786616928588,1245.7814065781731,0.0
2024-01-05 12:00:00+00:00,11255.956065226239,86.99478964958507,11168.961275576654,1256.956065226239,0.0
2024-01-05 12:05:00+00:00,11269.42028468302,86.99478964958507,11182.425495033434,1270.4202846830194,0.0
2024-01-05 12:10:00+00:00,11275.419054927685,86.99478964958507,11188.4242652781,1276.4190549276846,0.0
2024-01-05 12:15:00+00:00,11281.434681346132,86.99478964958507,11194.439891696547,1282.4346813461325,0.0
2024-01-05 12:20:00+00:00,11287.77560340412,86.99478964958507,11200.780813754534,1288.7756034041195,0.0
2024-01-05 12:25:00+00:00,11283.960413736462,86.99478964958507,11196.965624086877,1284.9604137364622,0.0
2024-01-05 12:30:00+00:00,11286.558154152355,86.99478964958507,11199.56336450277,1287.5581541523552,0.0
2024-01-05 12:35:00+00:00,11289.111743791704,86.99478964958507,11202.116954142119,1290.1117437917037,0.0
2024-01-05 12:40:00+00:00,11296.470759175794,86.99478964958507,11209.47596952621,1297.4707591757942,0.0
2024-01-05 12:45:00+00:00,11309.36749375547,86.99478964958507,11222.372704105885,1310.3674937554697,0.0
2024-01-05 12:50:00+00:00,11303.793279885578,86.99478964958507,11216.798490235993,1304.7932798855782,0.0
2024-01-05 12:55:00+00:00,11306.597749009023,86.99478964958507,11219.602959359438,1307.5977490090227,0.0
2024-01-05 13:00:00+00:00,11323.834912036707,86.99478964958507,11236.840122387122,1324.8349120367075,0.0
2024-01-05 13:05:00+00:00,11321.083677306271,86.99478964958507,11234.088887656686,1322.083677306271,0.0
2024-01-05 13:10:00+00:00,11317.626356700217,86.99478964958507,11230.631567050632,1318.626356700217,0.0
2024-01-05 13:15:00+00:00,11323.376170173009,86.99478964958507,11236.381380523424,1324.376170173009,0.0
2024-01-05 13:20:00+00:00,11334.90508136791,86.99478964958507,11247.910291718325,1335.9050813679096,0.0
2024-01-05 13:25:00+00:00,11338.945390845012,86.99478964958507,11251.950601195427,1339.9453908450123,0.0
2024-01-05 13:30:00+00:00,11354.857533307977,86.99478964958507,11267.862743658392,1355.857533307977,0.0
2024-01-05 13:35:00+00:00,11366.530717234138,86.99478964958507,11279.535927584553,1367.5307172341381,0.0
2024-01-05 13:40:00+00:00,11378.080736020167,86.99478964958507,11291.085946370582,1379.080736020167,0.0
2024-01-05 13:45:00+00:00,11387.041431493475,86.99478964958507,11300.04664184389,1388.041431493475,0.0
2024-01-05 13:50:00+00:00,11412.066187405777,86.99478964958507,11325.071397756192,1413.0661874057769,0.0
2024-01-05 13:55:00+00:00,11414.171381416225,86.99478964958507,11327.17659176664,1415.171381416225,0.0
2024-01-05 14:00:00+00:00,11399.989378165365,86.99478964958507,11312.99458851578,1400.9893781653645,0.0
2024-01-05 14:05:00+00:00,11418.483162794078,86.99478964958507,11331.488373144493,1419.4831627940785,0.0
2024-01-05 14:10:00+00:00,11418.300052579945,86.99478964958507,11331.30526293036,1419.3000525799453,0.0
2024-01-05 14:15:00+00:00,11423.245029098323,86.99478964958507,11336.250239448738,1424.2450290983234,0.0
2024-01-05 14:20:00+00:00,11439.100109364581,86.99478964958507,11352.105319714996,1440.100109364581,0.0
2024-01-05 14:25:00+00:00,11428.527057768895,86.99478964958507,11341.53226811931,1429.5270577688952,0.0
2024-01-05 14:30:00+00:00,11421.14252135002,86.99478964958507,11334.147731700436,1422.1425213500206,0.0
2024-01-05 14:35:00+00:00,11410.595087207397,86.99478964958507,11323.600297557812,1411.5950872073972,0.0
2024-01-05 14:40:00+00:00,11407.364822601261,86.99478964958507,11320.370032951676,1408.364822601261,0.0
2024-01-05 14:45:00+00:00,11415.311219064939,86.99478964958507,11328.316429415354,1416.311219064939,0.0
2024-01-05 14:50:00+00:00,11424.030015891009,86.99478964958507,11337.035226241424,1425.0300158910086,0.0
2024-01-05 14:55:00+00:00,11430.50553094894,86.99478964958507,11343.510741299355,1431.5055309489398,0.0
2024-01-05 15:00:00+00:00,11421.658631405799,86.99478964958507,11334.663841756214,1422.6586314057986,0.0
2024-01-05 15:05:00+00:00,11404.69107960689,86.99478964958507,11317.696289957305,1405.6910796068896,0.0
2024-01-05 15:10:00+00:00,11409.145275473165,86.99478964958507,11322.15048582358,1410.1452754731654,0.0
2024-01-05 15:15:00+00:00,11408.834817000972,86.99478964958507,11321.840027351387,1409.8348170009722,0.0
2024-01-05 15:20:00+00:00,11416.96124982927,86.99478964958507,11329.966460179685,1417.96124982927,0.0
2024-01-05 15:25:00+00:00,11427.293935654723,86.99478964958507,11340.299146005138,1428.293935654723,0.0
2024-01-05 15:30:00+00:00,11432.518402795473,86.99478964958507,11345.523613145888,1433.5184027954729,0.0
2024-01-05 15:35:00+00:00,11443.393831432806,86.99478964958507,11356.399041783221,1444.393831432806,0.0
2024-01-05 15:40:00+00:00,11449.452599397098,86.99478964958507,11362.457809747513,1450.4525993970983,0.0
2024-01-05 15:45:00+00:00,11458.251134735168,86.99478964958507,11371.256345085583,1459.2511347351683,0.0
2024-01-05 15:50:00+00:00,11455.820917931484,86.99478964958507,11368.826128281898,1456.8209179314836,0.0
2024-01-05 15:55:00+00:00,11458.16667229777,86.99478964958507,11371.171882648185,1459.1666722977698,0.0
2024-01-05 16:00:00+00:00,11463.938106459944,86.99478964958507,11376.943316810359,1464.9381064599438,0.0
2024-01-05 16:05:00+00:00,11475.393885095891,86.99478964958507,11388.399095446306,1476.3938850958912,0.0
2024-01-05 16:10:00+00:00,11475.792566469905,86.99478964958507,11388.79777682032,1476.792566469905,0.0
2024-01-05 16:15:00+00:00,11484.530370708975,86.99478964958507,11397.53558105939,1485.5303707089752,0.0
2024-01-05 16:20:00+00:00,11486.09568996998,86.99478964958507,11399.100900320394,1487.0956899699795,0.0
2024-01-05 16:25:00+00:00,11489.013848723927,86.99478964958507,11402.019059074342,1490.0138487239274,0.0
2024-01-05 16:30:00+00:00,11500.576968223248,86.99478964958507,11413.582178573663,1501.5769682232476,0.0
2024-01-08 08:05:00+00:00,11486.382189486249,86.99478964958507,11399.387399836663,1487.3821894862485,0.0
2024-01-08 08:10:00+00:00,11478.551473674903,86.99478964958507,11391.556684025318,1479.5514736749028,0.0
2024-01-08 08:15:00+00:00,11469.034976589483,86.99478964958507,11382.040186939897,1470.0349765894825,0.0
2024-01-08 08:20:00+00:00,11451.78272890335,86.99478964958507,11364.787939253765,1452.7827289033503,0.0
2024-01-08 08:25:00+00:00,11449.593950257602,86.99478964958507,11362.599160608017,1450.593950257602,0.0
2024-01-08 08:30:00+00:00,11460.388397670964,86.99478964958507,11373.393608021379,1461.388397670964,0.0
2024-01-08 08:35:00+00:00,11461.77709131106,86.99478964958507,11374.782301661475,1462.7770913110598,0.0
2024-01-08 08:40:00+00:00,11467.55958971654,86.99478964958507,11380.564800066955,1468.5595897165404,0.0
2024-01-08 08:45:00+00:00,11481.46800759969,86.99478964958507,11394.473217950104,1482.4680075996894,0.0
2024-01-08 08:50:00+00:00,11497.570067063725,86.99478964958507,11410.57527741414,1498.5700670637252,0.0
2024-01-08 08:55:00+00:00,11500.933141031059,86.99478964958507,11413.938351381474,1501.9331410310588,0.0
2024-01-08 09:00:00+00:00,11517.299538821006,86.99478964958507,11430.30474917142,1518.2995388210056,0.0
2024-01-08 09:05:00+00:00,11522.143600253512,86.99478964958507,11435.148810603927,1523.143600253512,0.0
2024-01-08 09:10:00+00:00,11518.485868813983,86.99478964958507,11431.491079164398,1519.485868813983,0.0
2024-01-08 09:15:00+00:00,11517.051074882553,86.99478964958507,11430.056285232968,1518.0510748825527,0.0
2024-01-08 09:20:00+00:00,11507.51748015374,86.99478964958507,11420.522690504155,1508.5174801537396,0.0
2024-01-08 09:25:00+00:00,11503.40104287938,86.99478964958507,11416.406253229796,1504.4010428793808,0.0
2024-01-08 09:30:00+00:00,11504.126996983066,86.99478964958507,11417.132207333481,1505.1269969830664,0.0
2024-01-08 09:35:00+00:00,11515.46833167305,86.99478964958507,11428.473542023465,1516.4683316730498,0.0
2024-01-08 09:40:00+00:00,11535.21796050744,86.99478964958507,11448.223170857855,1536.2179605074398,0.0
2024-01-08 09:45:00+00:00,11526.569289164323,86.99478964958507,11439.574499514738,1527.569289164323,0.0
2024-01-08 09:50:00+00:00,11534.170687890602,86.99478964958507,11447.175898241017,1535.1706878906025,0.0
2024-01-08 09:55:00+00:00,11528.649499768579,86.99478964958507,11441.654710118994,1529.6494997685786,0.0
2024-01-08 10:00:00+00:00,11537.002182406028,86.99478964958507,11450.007392756443,1538.0021824060277,0.0
2024-01-08 10:05:00+00:00,11539.809274536061,86.99478964958507,11452.814484886476,1540.809274536061,0.0
2024-01-08 10:10:00+00:00,11527.049652849339,86.99478964958507,11440.054863199754,1528.0496528493386,0.0
2024-01-08 10:15:00+00:00,11539.556318243891,86.99478964958507,11452.561528594306,1540.556318243891,0.0
2024-01-08 10:20:00+00:00,11538.021771285652,86.99478964958507,11451.026981636067,1539.021771285652,0.0
2024-01-08 10:25:00+00:00,11537.13869995288,86.99478964958507,11450.143910303295,1538.1386999528804,0.0
2024-01-08 10:30:00+00:00,11531.348659505613,86.99478964958507,11444.353869856028,1532.3486595056129,0.0
2024-01-08 10:35:00+00:00,11529.364075975214,86.99478964958507,11442.36928632563,1530.3640759752143,0.0
2024-01-08 10:40:00+00:00,11537.288512350724,86.99478964958507,11450.293722701139,1538.288512350724,0.0
2024-01-08 10:45:00+00:00,11539.562818358665,86.99478964958507,11452.56802870908,1540.562818358665,0.0
2024-01-08 10:50:00+00:00,11546.5845880258,86.99478964958507,11459.589798376215,1547.5845880258003,0.0
2024-01-08 10:55:00+00:00,11553.915769276035,86.99478964958507,11466.92097962645,1554.9157692760346,0.0
2024-01-08 11:00:00+00:00,11570.05567786124,86.99478964958507,11483.060888211656,1571.0556778612408,0.0
2024-01-08 11:05:00+00:00,11570.925794742938,86.99478964958507,11483.931005093353,1571.9257947429378,0.0
2024-01-08 11:10:00+00:00,11561.381032695457,86.99478964958507,11474.386243045872,1562.3810326954572,0.0
2024-01-08 11:15:00+00:00,11575.201962648787,86.99478964958507,11488.207172999202,1576.2019626487872,0.0
2024-01-08 11:20:00+00:00,11576.176312638641,86.99478964958507,11489.181522989056,1577.1763126386413,0.0
2024-01-08 11:25:00+00:00,11590.450990521482,86.99478964958507,11503.456200871897,1591.4509905214818,0.0
2024-01-08 11:30:00+00:00,11598.007810672423,86.99478964958507,11511.013021022838,1599.0078106724231,0.0
2024-01-08 11:35:00+00:00,11600.82939033193,86.99478964958507,11513.834600682345,1601.82939033193,0.0
2024-01-08 11:40:00+00:00,11608.07410910779,86.99478964958507,11521.079319458206,1609.0741091077907,0.0
2024-01-08 11:45:00+00:00,11630.109749493211,86.99478964958507,11543.114959843626,1631.109749493211,0.0
2024-01-08 11:50:00+00:00,11653.353069854942,86.99478964958507,11566.358280205357,1654.353069854942,0.0
2024-01-08 11:55:00+00:00,11658.044235987643,86.99478964958507,11571.049446338058,1659.0442359876433,0.0
2024-01-08 12:00:00+00:00,11663.578284868896,86.99478964958507,11576.58349521931,1664.578284868896,0.0
2024-01-08 12:05:00+00:00,11677.605928295847,86.99478964958507,11590.611138646262,1678.6059282958468,0.0
2024-01-08 12:10:00+00:00,11673.821877480103,86.99478964958507,11586.827087830517,1674.8218774801026,0.0
2024-01-08 12:15:00+00:00,11680.966852069352,86.99478964958507,11593.972062419767,1681.9668520693522,0.0
2024-01-08 12:20:00+00:00,11684.785488504434,86.99478964958507,11597.79069885485,1685.7854885044344,0.0
2024-01-08 12:25:00+00:00,11691.759324506196,86.99478964958507,11604.764534856611,1692.7593245061962,0.0
2024-01-08 12:30:00+00:00,11688.084734975268,86.99478964958507,11601.089945325682,1689.0847349752676,0.0
2024-01-08 12:35:00+00:00,11677.397469821728,86.99478964958507,11590.402680172143,1678.397469821728,0.0
2024-01-08 12:40:00+00:00,11662.24265688196,86.99478964958507,11575.247867232374,1663.2426568819592,0.0
2024-01-08 12:45:00+00:00,11655.94850705104,86.99478964958507,11568.953717401455,1656.94850705104,0.0
2024-01-08 12:50:00+00:00,11655.752527997878,86.99478964958507,11568.757738348293,1656.7525279978781,0.0
2024-01-08 12:55:00+00:00,11657.088180353678,86.99478964958507,11570.093390704093,1658.0881803536777,0.0
2024-01-08 13:00:00+00:00,11679.089761934625,86.99478964958507,11592.09497228504,1680.0897619346251,0.0
2024-01-08 13:05:00+00:00,11693.412460297219,86.99478964958507,11606.417670647634,1694.4124602972188,0.0
2024-01-08 13:10:00+00:00,11688.542583364308,86.99478964958507,11601.547793714723,1689.5425833643076,0.0
2024-01-08 13:15:00+00:00,11695.832579502536,86.99478964958507,11608.83778985295,1696.8325795025357,0.0
2024-01-08 13:20:00+00:00,11696.11511199617,86.99478964958507,11609.120322346585,1697.1151119961705,0.0
2024-01-08 13:25:00+00:00,11697.537420021023,86.99478964958507,11610.542630371438,1698.5374200210226,0.0
2024-01-08 13:30:00+00:00,11703.323936500723,86.99478964958507,11616.329146851138,1704.323936500723,0.0
2024-01-08 13:35:00+00:00,11713.147799748544,86.99478964958507,11626.153010098958,1714.1477997485435,0.0
2024-01-08 13:40:00+00:00,11714.061572374882,86.99478964958507,11627.066782725296,1715.0615723748815,0.0
2024-01-08 13:45:00+00:00,11728.035013942568,86.99478964958507,11641.040224292983,1729.0350139425682,0.0
2024-01-08 13:50:00+00:00,11721.47654714919,86.99478964958507,11634.481757499605,1722.47654714919,0.0
2024-01-08 13:55:00+00:00,11725.60835062755,86.99478964958507,11638.613560977965,1726.60835062755,0.0
2024-01-08 14:00:00+00:00,11753.902859501248,86.99478964958507,11666.908069851663,1754.9028595012478,0.0
2024-01-08 14:05:00+00:00,11760.070027424214,86.99478964958507,11673.075237774628,1761.0700274242135,0.0
2024-01-08 14:10:00+00:00,11777.552699143429,86.99478964958507,11690.557909493844,1778.552699143429,0.0
2024-01-08 14:15:00+00:00,11782.501379072757,86.99478964958507,11695.506589423172,1783.5013790727571,0.0
2024-01-08 14:20:00+00:00,11792.032673927999,86.99478964958507,11705.037884278414,1793.032673927999,0.0
2024-01-08 14:25:00+00:00,11795.598260598195,86.99478964958507,11708.60347094861,1796.5982605981953,0.0
2024-01-08 14:30:00+00:00,11798.10035128225,86.99478964958507,11711.105561632665,1799.10035128225,0.0
2024-01-08 14:35:00+00:00,11794.896795967423,86.99478964958507,11707.902006317838,1795.8967959674228,0.0
2024-01-08 14:40:00+00:00,11803.027724670543,86.99478964958507,11716.032935020958,1804.0277246705427,0.0
2024-01-08 14:45:00+00:00,11799.147668625157,86.99478964958507,11712.152878975572,1800.1476686251572,0.0
2024-01-08 14:50:00+00:00,11809.487832728064,86.99478964958507,11722.493043078479,1810.487832728064,0.0
2024-01-08 14:55:00+00:00,11823.77722289247,86.99478964958507,11736.782433242885,1824.7772228924696,0.0
2024-01-08 15:00:00+00:00,11831.329044749866,86.99478964958507,11744.33425510028,1832.3290447498657,0.0
2024-01-08 15:05:00+00:00,11832.750207072875,86.99478964958507,11745.75541742329,1833.7502070728751,0.0
2024-01-08 15:10:00+00:00,11841.129944142658,86.99478964958507,11754.135154493073,1842.1299441426581,0.0
2024-01-08 15:15:00+00:00,11842.341406022475,86.99478964958507,11755.34661637289,1843.341406022475,0.0
2024-01-08 15:20:00+00:00,11855.261016321325,86.99478964958507,11768.26622667174,1856.2610163213249,0.0
2024-01-08 15:25:00+00:00,11842.145244227046,86.99478964958507,11755.15045457746,1843.1452442270456,0.0
2024-01-08 15:30:00+00:00,11843.103493856328,86.99478964958507,11756.108704206743,1844.103493856328,0.0
2024-01-08 15:35:00+00:00,11828.503843127093,86.99478964958507,11741.509053477508,1829.5038431270932,0.0
2024-01-08 15:40:00+00:00,11818.574156168417,86.99478964958507,11731.579366518832,1819.5741561684172,0.0
2024-01-08 15:45:00+00:00,11835.492602914394,86.99478964958507,11748.497813264808,1836.4926029143935,0.0
2024-01-08 15:50:00+00:00,11848.024919656596,86.99478964958507,11761.030130007011,1849.0249196565965,0.0
2024-01-08 15:55:00+00:00,11845.372116467288,86.99478964958507,11758.377326817703,1846.372116467288,0.0
2024-01-08 16:00:00+00:00,11835.358213017369,86.99478964958507,11748.363423367784,1836.358213017369,0.0
2024-01-08 16:05:00+00:00,11811.631441857578,86.99478964958507,11724.636652207993,1812.6314418575785,0.0
2024-01-08 16:10:00+00:00,11810.637276955158,86.99478964958507,11723.642487305573,1811.637276955158,0.0
2024-01-08 16:15:00+00:00,11837.47208099154,86.99478964958507,11750.477291341955,1838.4720809915398,0.0
2024-01-08 16:20:00+00:00,11845.675688594783,86.99478964958507,11758.680898945198,1846.6756885947834,0.0
2024-01-08 16:25:00+00:00,11844.527417417921,86.99478964958507,11757.532627768336,1845.5274174179212,0.0
2024-01-08 16:30:00+00:00,11853.020176217236,86.99478964958507,11766.025386567651,1854.0201762172364,0.0
2024-01-09 08:05:00+00:00,11842.450015381297,86.99478964958507,11755.455225731712,1843.450015381297,0.0
2024-01-09 08:10:00+00:00,11843.76836144724,86.99478964958507,11756.773571797656,1844.7683614472407,0.0
2024-01-09 08:15:00+00:00,11848.819944454788,86.99478964958507,11761.825154805203,1849.8199444547881,0.0
2024-01-09 08:20:00+00:00,11852.126887410284,86.99478964958507,11765.1320977607,1853.1268874102843,0.0
2024-01-09 08:25:00+00:00,11863.693516446603,86.99478964958507,11776.698726797018,1864.693516446603,0.0
2024-01-09 08:30:00+00:00,11871.064693290404,86.99478964958507,11784.069903640819,1872.0646932904037,0.0
2024-01-09 08:35:00+00:00,11881.494210781844,86.99478964958507,11794.49942113226,1882.4942107818442,0.0
2024-01-09 08:40:00+00:00,11879.127317914877,86.99478964958507,11792.132528265292,1880.1273179148775,0.0
2024-01-09 08:45:00+00:00,11891.731021694657,86.99478964958507,11804.736232045072,1892.731021694657,0.0
2024-01-09 08:50:00+00:00,11911.262155674836,86.99478964958507,11824.267366025251,1912.2621556748363,0.0
2024-01-09 08:55:00+00:00,11906.224676769152,86.99478964958507,11819.229887119567,1907.2246767691522,0.0
2024-01-09 09:00:00+00:00,11901.968670470118,86.99478964958507,11814.973880820533,1902.968670470118,0.0
2024-01-09 09:05:00+00:00,11918.741611428055,86.99478964958507,11831.74682177847,1919.741611428055,0.0
2024-01-09 09:10:00+00:00,11921.071805359488,86.99478964958507,11834.077015709903,1922.0718053594883,0.0
2024-01-09 09:15:00+00:00,11938.516922363344,86.99478964958507,11851.522132713759,1939.5169223633438,0.0
2024-01-09 09:20:00+00:00,11938.469177778758,86.99478964958507,11851.474388129172,1939.4691777787575,0.0
2024-01-09 09:25:00+00:00,11956.426332582469,86.99478964958507,11869.431542932884,1957.4263325824686,0.0
2024-01-09 09:30:00+00:00,11961.830392983828,86.99478964958507,11874.835603334242,1962.8303929838276,0.0
2024-01-09 09:35:00+00:00,11968.441564967487,86.99478964958507,11881.446775317901,1969.4415649674866,0.0
2024-01-09 09:40:00+00:00,11987.48821259728,86.99478964958507,11900.493422947695,1988.48821259728,0.0
2024-01-09 09:45:00+00:00,11988.209209385435,86.99478964958507,11901.21441973585,1989.2092093854353,0.0
2024-01-09 09:50:00+00:00,11983.415203557095,86.99478964958507,11896.42041390751,1984.415203557095,0.0
2024-01-09 09:55:00+00:00,11983.309904446916,86.99478964958507,11896.315114797331,1984.3099044469163,0.0
2024-01-09 10:00:00+00:00,11991.781515481365,86.99478964958507,11904.78672583178,1992.7815154813652,0.0
2024-01-09 10:05:00+00:00,11981.04101653607,86.99478964958507,11894.046226886485,1982.04101653607,0.0
2024-01-09 10:10:00+00:00,11991.274018864264,86.99478964958507,11904.279229214679,1992.2740188642638,0.0
2024-01-09 10:15:00+00:00,11990.309608297377,86.99478964958507,11903.314818647792,1991.309608297377,0.0
2024-01-09 10:20:00+00:00,12005.415565888288,86.99478964958507,11918.420776238703,2006.4155658882883,0.0
2024-01-09 10:25:00+00:00,11986.772967196473,86.99478964958507,11899.778177546888,1987.7729671964735,0.0
2024-01-09 10:30:00+00:00,11983.4503869032,86.99478964958507,11896.455597253615,1984.4503869031996,0.0
2024-01-09 10:35:00+00:00,11971.569688014604,86.99478964958507,11884.57489836502,1972.5696880146043,0.0
2024-01-09 10:40:00+00:00,11967.874355071739,86.99478964958507,11880.879565422154,1968.874355071739,0.0
2024-01-09 10:45:00+00:00,11974.38843904266,86.99478964958507,11887.393649393074,1975.3884390426592,0.0
2024-01-09 10:50:00+00:00,11976.844850622154,86.99478964958507,11889.850060972569,1977.844850622154,0.0
2024-01-09 10:55:00+00:00,11978.596330092105,86.99478964958507,11891.60154044252,1979.5963300921048,0.0
2024-01-09 11:00:00+00:00,11981.244314960648,86.99478964958507,11894.249525311063,1982.244314960648,0.0
2024-01-09 11:05:00+00:00,11987.34418628276,86.99478964958507,11900.349396633175,1988.3441862827603,0.0
2024-01-09 11:10:00+00:00,11981.909005117266,86.99478964958507,11894.914215467681,1982.9090051172661,0.0
2024-01-09 11:15:00+00:00,11992.803543869768,86.99478964958507,11905.808754220183,1993.803543869768,0.0
2024-01-09 11:20:00+00:00,12003.28684905634,86.99478964958507,11916.292059406755,2004.2868490563396,0.0
2024-01-09 11:25:00+00:00,12011.130711359072,86.99478964958507,11924.135921709487,2012.130711359072,0.0
2024-01-09 11:30:00+00:00,12020.616874590234,86.99478964958507,11933.622084940649,2021.6168745902341,0.0
2024-01-09 11:35:00+00:00,12027.62557196295,86.99478964958507,11940.630782313365,2028.6255719629498,0.0
2024-01-09 11:40:00+00:00,12051.26821543375,86.99478964958507,11964.273425784166,2052.268215433751,0.0
2024-01-09 11:45:00+00:00,12054.622566483462,86.99478964958507,11967.627776833877,2055.622566483462,0.0
2024-01-09 11:50:00+00:00,12055.871255221376,86.99478964958507,11968.876465571791,2056.8712552213765,0.0
2024-01-09 11:55:00+00:00,12052.84564165322,86.99478964958507,11965.850852003636,2053.845641653221,0.0
2024-01-09 12:00:00+00:00,12047.153522817745,86.99478964958507,11960.15873316816,2048.1535228177454,0.0
2024-01-09 12:05:00+00:00,12039.434806062169,86.99478964958507,11952.440016412584,2040.4348060621687,0.0
2024-01-09 12:10:00+00:00,12035.120301705958,86.99478964958507,11948.125512056373,2036.120301705958,0.0
2024-01-09 12:15:00+00:00,12038.627061692378,86.99478964958507,11951.632272042792,2039.6270616923775,0.0
2024-01-09 12:20:00+00:00,12046.008709557947,86.99478964958507,11959.013919908362,2047.0087095579474,0.0
2024-01-09 12:25:00+00:00,12050.684565170348,86.99478964958507,11963.689775520763,2051.684565170348,0.0
2024-01-09 12:30:00+00:00,12047.545367259749,86.99478964958507,11960.550577610164,2048.5453672597487,0.0
2024-01-09 12:35:00+00:00,12060.351773518243,86.99478964958507,11973.356983868658,2061.351773518243,0.0
2024-01-09 12:40:00+00:00,12071.630358700426,86.99478964958507,11984.63556905084,2072.630358700426,0.0
2024-01-09 12:45:00+00:00,12074.294615819028,86.99478964958507,11987.299826169443,2075.294615819028,0.0
2024-01-09 12:50:00+00:00,12072.228987481225,86.99478964958507,11985.23419783164,2073.228987481225,0.0
2024-01-09 12:55:00+00:00,12081.685978182077,86.99478964958507,11994.691188532492,2082.6859781820767,0.0
2024-01-09 13:00:00+00:00,12087.689370064827,86.99478964958507,12000.694580415242,2088.689370064827,0.0
2024-01-09 13:05:00+00:00,12077.99070802613,86.99478964958507,11990.995918376544,2078.990708026129,0.0
2024-01-09 13:10:00+00:00,12081.535959810326,86.99478964958507,11994.54117016074,2082.535959810326,0.0
2024-01-09 13:15:00+00:00,12088.250327289632,86.99478964958507,12001.255537640047,2089.250327289632,0.0
2024-01-09 13:20:00+00:00,12083.813613397951,86.99478964958507,11996.818823748366,2084.8136133979515,0.0
2024-01-09 13:25:00+00:00,12089.836024538792,86.99478964958507,12002.841234889207,2090.836024538792,0.0
2024-01-09 13:30:00+00:00,12080.071390370347,86.99478964958507,11993.076600720762,2081.071390370347,0.0
2024-01-09 13:35:00+00:00,12097.10103221911,86.99478964958507,12010.106242569525,2098.1010322191105,0.0
2024-01-09 13:40:00+00:00,12113.30590147231,86.99478964958507,12026.311111822724,2114.3059014723094,0.0
2024-01-09 13:45:00+00:00,12115.085760436657,86.99478964958507,12028.090970787072,2116.0857604366574,0.0
2024-01-09 13:50:00+00:00,12122.795391509033,86.99478964958507,12035.800601859448,2123.795391509033,0.0
2024-01-09 13:55:00+00:00,12103.818625536076,86.99478964958507,12016.823835886491,2104.818625536076,0.0
2024-01-09 14:00:00+00:00,12096.909999667692,86.99478964958507,12009.915210018107,2097.9099996676923,0.0
2024-01-09 14:05:00+00:00,12098.290941440639,86.99478964958507,12011.296151791053,2099.2909414406386,0.0
2024-01-09 14:10:00+00:00,12092.194277094955,86.99478964958507,12005.19948744537,2093.1942770949554,0.0
2024-01-09 14:15:00+00:00,12103.262373682615,86.99478964958507,12016.26758403303,2104.2623736826154,0.0
2024-01-09 14:20:00+00:00,12126.690917070531,86.99478964958507,12039.696127420946,2127.690917070531,0.0
2024-01-09 14:25:00+00:00,12119.574048050763,86.99478964958507,12032.579258401178,2120.574048050763,0.0
2024-01-09 14:30:00+00:00,12115.724590852313,86.99478964958507,12028.729801202728,2116.7245908523128,0.0
2024-01-09 14:35:00+00:00,12122.202105583101,86.99478964958507,12035.207315933516,2123.202105583101,0.0
2024-01-09 14:40:00+00:00,12141.942693565847,86.99478964958507,12054.947903916262,2142.9426935658466,0.0
2024-01-09 14:45:00+00:00,12134.375774287651,86.99478964958507,12047.380984638066,2135.3757742876514,0.0
2024-01-09 14:50:00+00:00,12140.994361461062,86.99478964958507,12053.999571811477,2141.994361461062,0.0
2024-01-09 14:55:00+00:00,12162.79610213158,86.99478964958507,12075.801312481995,2163.7961021315805,0.0
2024-01-09 15:00:00+00:00,12151.071276072274,86.99478964958507,12064.07648642269,2152.0712760722745,0.0
2024-01-09 15:05:00+00:00,12142.93251587777,86.99478964958507,12055.937726228185,2143.93251587777,0.0
2024-01-09 15:10:00+00:00,12143.0665149323,86.99478964958507,12056.071725282714,2144.0665149322995,0.0
2024-01-09 15:15:00+00:00,12142.265165673789,86.99478964958507,12055.270376024204,2143.265165673789,0.0
2024-01-09 15:20:00+00:00,12154.327443513093,86.99478964958507,12067.332653863508,2155.3274435130934,0.0
2024-01-09 15:25:00+00:00,12160.885742015971,86.99478964958507,12073.890952366386,2161.885742015971,0.0
2024-01-09 15:30:00+00:00,12147.973954009587,86.99478964958507,12060.979164360002,2148.973954009587,0.0
2024-01-09 15:35:00+00:00,12157.171885497894,86.99478964958507,12070.177095848308,2158.1718854978935,0.0
2024-01-09 15:40:00+00:00,12155.819725904727,86.99478964958507,12068.824936255141,2156.8197259047265,0.0
2024-01-09 15:45:00+00:00,12172.360002760832,86.99478964958507,12085.365213111247,2173.360002760832,0.0
2024-01-09 15:50:00+00:00,12170.522320652317,86.99478964958507,12083.527531002732,2171.522320652317,0.0
2024-01-09 15:55:00+00:00,12168.597661943806,86.99478964958507,12081.602872294221,2169.597661943806,0.0
2024-01-09 16:00:00+00:00,12178.060116347286,86.99478964958507,12091.0653266977,2179.0601163472857,0.0
2024-01-09 16:05:00+00:00,12189.677241670679,86.99478964958507,12102.682452021094,2190.677241670679,0.0
2024-01-09 16:10:00+00:00,12198.254782122785,86.99478964958507,12111.2599924732,2199.2547821227854,0.0
2024-01-09 16:15:00+00:00,12186.167992437462,86.99478964958507,12099.173202787877,2187.167992437462,0.0
2024-01-09 16:20:00+00:00,12195.614206123906,86.99478964958507,12108.619416474321,2196.614206123906,0.0
2024-01-09 16:25:00+00:00,12189.834368765161,86.99478964958507,12102.839579115576,2190.8343687651613,0.0
2024-01-09 16:30:00+00:00,12196.3501231464,86.99478964958507,12109.355333496815,2197.3501231463997,0.0
2024-01-10 08:05:00+00:00,12186.79976062408,86.99478964958507,12099.804970974496,2187.7997606240806,0.0
2024-01-10 08:10:00+00:00,12195.358046359963,86.99478964958507,12108.363256710378,2196.358046359963,0.0
2024-01-10 08:15:00+00:00,12191.783227281856,86.99478964958507,12104.78843763227,2192.783227281856,0.0
2024-01-10 08:20:00+00:00,12183.601852424692,86.99478964958507,12096.607062775107,2184.601852424692,0.0
2024-01-10 08:25:00+00:00,12194.748638880135,86.99478964958507,12107.75384923055,2195.7486388801353,0.0
2024-01-10 08:30:00+00:00,12201.328758016229,86.99478964958507,12114.333968366644,2202.3287580162287,0.0
2024-01-10 08:35:00+00:00,12199.618559615408,86.99478964958507,12112.623769965823,2200.6185596154082,0.0
2024-01-10 08:40:00+00:00,12217.933877889081,86.99478964958507,12130.939088239496,2218.9338778890815,0.0
2024-01-10 08:45:00+00:00,12217.903284460423,86.99478964958507,12130.908494810838,2218.9032844604226,0.0
2024-01-10 08:50:00+00:00,12222.461554823432,86.99478964958507,12135.466765173847,2223.4615548234324,0.0
2024-01-10 08:55:00+00:00,12229.321618590791,86.99478964958507,12142.326828941206,2230.3216185907913,0.0
2024-01-10 09:00:00+00:00,12227.552212876672,86.99478964958507,12140.557423227086,2228.5522128766715,0.0
2024-01-10 09:05:00+00:00,12236.380502046995,86.99478964958507,12149.38571239741,2237.3805020469954,0.0
2024-01-10 09:10:00+00:00,12235.447928179941,86.99478964958507,12148.453138530356,2236.4479281799413,0.0
2024-01-10 09:15:00+00:00,12235.69927428454,86.99478964958507,12148.704484634954,2236.6992742845396,0.0
2024-01-10 09:20:00+00:00,12253.20739887623,86.99478964958507,12166.212609226644,2254.2073988762295,0.0
2024-01-10 09:25:00+00:00,12247.338996141581,86.99478964958507,12160.344206491996,2248.3389961415814,0.0
2024-01-10 09:30:00+00:00,12228.138100015392,86.99478964958507,12141.143310365807,2229.1381000153924,0.0
2024-01-10 09:35:00+00:00,12248.050705140875,86.99478964958507,12161.05591549129,2249.050705140875,0.0
2024-01-10 09:40:00+00:00,12277.143835161407,86.99478964958507,12190.149045511822,2278.143835161407,0.0
2024-01-10 09:45:00+00:00,12277.458157180135,86.99478964958507,12190.46336753055,2278.4581571801355,0.0
2024-01-10 09:50:00+00:00,12262.844822695726,86.99478964958507,12175.850033046141,2263.844822695726,0.0
2024-01-10 09:55:00+00:00,12264.08210800279,86.99478964958507,12177.087318353206,2265.082108002791,0.0
2024-01-10 10:00:00+00:00,12265.555888259885,86.99478964958507,12178.5610986103,2266.5558882598853,0.0
2024-01-10 10:05:00+00:00,12267.968224249687,86.99478964958507,12180.973434600102,2268.9682242496874,0.0
2024-01-10 10:10:00+00:00,12261.383625164097,86.99478964958507,12174.388835514512,2262.383625164097,0.0
2024-01-10 10:15:00+00:00,12271.293334383865,86.99478964958507,12184.29854473428,2272.293334383865,0.0
2024-01-10 10:20:00+00:00,12280.674051698728,86.99478964958507,12193.679262049143,2281.6740516987284,0.0
2024-01-10 10:25:00+00:00,12270.368354661678,86.99478964958507,12183.373565012093,2271.3683546616776,0.0
2024-01-10 10:30:00+00:00,12281.45243432261,86.99478964958507,12194.457644673024,2282.4524343226094,0.0
2024-01-10 10:35:00+00:00,12305.769812420025,86.99478964958507,12218.77502277044,2306.769812420025,0.0
2024-01-10 10:40:00+00:00,12311.728751946765,86.99478964958507,12224.73396229718,2312.7287519467645,0.0
2024-01-10 10:45:00+00:00,12312.708479798615,86.99478964958507,12225.71369014903,2313.7084797986154,0.0
2024-01-10 10:50:00+00:00,12315.598948712472,86.99478964958507,12228.604159062887,2316.5989487124716,0.0
2024-01-10 10:55:00+00:00,12325.902283488842,86.99478964958507,12238.907493839257,2326.902283488842,0.0
2024-01-10 11:00:00+00:00,12313.247224559913,86.99478964958507,12226.252434910328,2314.247224559913,0.0
2024-01-10 11:05:00+00:00,12319.135736280583,86.99478964958507,12232.140946630998,2320.135736280583,0.0
2024-01-10 11:10:00+00:00,12319.596026220413,86.99478964958507,12232.601236570828,2320.5960262204135,0.0
2024-01-10 11:15:00+00:00,12341.980858295463,86.99478964958507,12254.986068645878,2342.980858295463,0.0
2024-01-10 11:20:00+00:00,12344.562787825864,86.99478964958507,12257.567998176279,2345.562787825864,0.0
2024-01-10 11:25:00+00:00,12365.225729786427,86.99478964958507,12278.230940136842,2366.225729786427,0.0
2024-01-10 11:30:00+00:00,12358.683267763827,86.99478964958507,12271.688478114242,2359.6832677638267,0.0
2024-01-10 11:35:00+00:00,12368.747812902177,86.99478964958507,12281.753023252591,2369.7478129021765,0.0
2024-01-10 11:40:00+00:00,12376.186914620595,86.99478964958507,12289.19212497101,2377.1869146205954,0.0
2024-01-10 11:45:00+00:00,12371.944953273414,86.99478964958507,12284.95016362383,2372.9449532734143,0.0
2024-01-10 11:50:00+00:00,12377.989614386273,86.99478964958507,12290.994824736688,2378.9896143862734,0.0
2024-01-10 11:55:00+00:00,12394.224625646024,86.99478964958507,12307.229835996439,2395.224625646024,0.0
2024-01-10 12:00:00+00:00,12395.34422387198,86.99478964958507,12308.349434222395,2396.34422387198,0.0
2024-01-10 12:05:00+00:00,12382.998128283962,86.99478964958507,12296.003338634377,2383.9981282839617,0.0
2024-01-10 12:10:00+00:00,12387.129661348952,86.99478964958507,12300.134871699367,2388.129661348952,0.0
2024-01-10 12:15:00+00:00,12382.555618616188,86.99478964958507,12295.560828966603,2383.5556186161884,0.0
2024-01-10 12:20:00+00:00,12383.49168146735,86.99478964958507,12296.496891817766,2384.4916814673506,0.0
2024-01-10 12:25:00+00:00,12386.99335886668,86.99478964958507,12299.998569217096,2387.993358866681,0.0
2024-01-10 12:30:00+00:00,12374.521070286572,86.99478964958507,12287.526280636986,2375.5210702865716,0.0
2024-01-10 12:35:00+00:00,12362.945205178612,86.99478964958507,12275.950415529027,2363.945205178612,0.0
2024-01-10 12:40:00+00:00,12371.97937328107,86.99478964958507,12284.984583631485,2372.9793732810704,0.0
2024-01-10 12:45:00+00:00,12371.141873534705,86.99478964958507,12284.14708388512,2372.141873534705,0.0
2024-01-10 12:50:00+00:00,12350.254545653093,86.99478964958507,12263.259756003508,2351.2545456530934,0.0
2024-01-10 12:55:00+00:00,12362.25234881999,86.99478964958507,12275.257559170404,2363.2523488199895,0.0
2024-01-10 13:00:00+00:00,12369.225395878233,86.99478964958507,12282.230606228648,2370.225395878233,0.0
2024-01-10 13:05:00+00:00,12366.510096607382,86.99478964958507,12279.515306957797,2367.5100966073824,0.0
2024-01-10 13:10:00+00:00,12357.874935197557,86.99478964958507,12270.880145547972,2358.8749351975566,0.0
2024-01-10 13:15:00+00:00,12370.380990607042,86.99478964958507,12283.386200957457,2371.380990607042,0.0
2024-01-10 13:20:00+00:00,12378.115576800727,86.99478964958507,12291.120787151141,2379.1155768007266,0.0
2024-01-10 13:25:00+00:00,12405.876654888369,86.99478964958507,12318.881865238784,2406.8766548883686,0.0
2024-01-10 13:30:00+00:00,12414.332167055065,86.99478964958507,12327.33737740548,2415.332167055065,0.0
2024-01-10 13:35:00+00:00,12422.472899884517,86.99478964958507,12335.478110234932,2423.4728998845167,0.0
2024-01-10 13:40:00+00:00,12425.143297564411,86.99478964958507,12338.148507914826,2426.143297564411,0.0
2024-01-10 13:45:00+00:00,12437.529864529468,86.99478964958507,12350.535074879883,2438.529864529468,0.0
2024-01-10 13:50:00+00:00,12448.033124778995,86.99478964958507,12361.03833512941,2449.0331247789945,0.0
2024-01-10 13:55:00+00:00,12464.74887697178,86.99478964958507,12377.754087322195,2465.74887697178,0.0
2024-01-10 14:00:00+00:00,12463.918873222407,86.99478964958507,12376.924083572821,2464.9188732224065,0.0
2024-01-10 14:05:00+00:00,12463.939592478562,86.99478964958507,12376.944802828977,2464.939592478562,0.0
2024-01-10 14:10:00+00:00,12463.527663213625,86.99478964958507,12376.53287356404,2464.5276632136247,0.0
2024-01-10 14:15:00+00:00,12475.695333767484,86.99478964958507,12388.700544117899,2476.695333767484,0.0
2024-01-10 14:20:00+00:00,12494.896573390766,86.99478964958507,12407.901783741181,2495.896573390766,0.0
2024-01-10 14:25:00+00:00,12494.684742604588,86.99478964958507,12407.689952955003,2495.684742604588,0.0
2024-01-10 14:30:00+00:00,12494.81106615948,86.99478964958507,12407.816276509895,2495.81106615948,0.0
2024-01-10 14:35:00+00:00,12502.273655108524,86.99478964958507,12415.278865458939,2503.2736551085236,0.0
2024-01-10 14:40:00+00:00,12504.178190731176,86.99478964958507,12417.183401081591,2505.178190731176,0.0
2024-01-10 14:45:00+00:00,12517.989339887368,86.99478964958507,12430.994550237783,2518.9893398873683,0.0
2024-01-10 14:50:00+00:00,12499.959810389017,86.99478964958507,12412.965020739432,2500.9598103890166,0.0
2024-01-10 14:55:00+00:00,12496.095461123312,86.99478964958507,12409.100671473727,2497.095461123312,0.0
2024-01-10 15:00:00+00:00,12492.671852279389,86.99478964958507,12405.677062629804,2493.671852279389,0.0
2024-01-10 15:05:00+00:00,12473.999435882382,86.99478964958507,12387.004646232797,2474.9994358823824,0.0
2024-01-10 15:10:00+00:00,12468.786709521672,86.99478964958507,12381.791919872087,2469.7867095216716,0.0
2024-01-10 15:15:00+00:00,12464.056222489131,86.99478964958507,12377.061432839546,2465.056222489131,0.0
2024-01-10 15:20:00+00:00,12466.397147606442,86.99478964958507,12379.402357956857,2467.3971476064416,0.0
2024-01-10 15:25:00+00:00,12481.761747443856,86.99478964958507,12394.76695779427,2482.7617474438557,0.0
2024-01-10 15:30:00+00:00,12483.670087041539,86.99478964958507,12396.675297391954,2484.670087041539,0.0
2024-01-10 15:35:00+00:00,12477.787389234358,86.99478964958507,12390.792599584773,2478.7873892343578,0.0
2024-01-10 15:40:00+00:00,12481.560171374895,86.99478964958507,12394.56538172531,2482.5601713748947,0.0
2024-01-10 15:45:00+00:00,12496.310279796826,86.99478964958507,12409.31549014724,2497.310279796826,0.0
2024-01-10 15:50:00+00:00,12490.965906707295,86.99478964958507,12403.97111705771,2491.9659067072953,0.0
2024-01-10 15:55:00+00:00,12486.272389160331,86.99478964958507,12399.277599510746,2487.272389160331,0.0
2024-01-10 16:00:00+00:00,12496.156556722255,86.99478964958507,12409.16176707267,2497.156556722255,0.0
2024-01-10 16:05:00+00:00,12498.300686559358,86.99478964958507,12411.305896909773,2499.300686559358,0.0
2024-01-10 16:10:00+00:00,12509.078224780182,86.99478964958507,12422.083435130597,2510.0782247801817,0.0
2024-01-10 16:15:00+00:00,12513.291050921018,86.99478964958507,12426.296261271433,2514.291050921018,0.0
2024-01-10 16:20:00+00:00,12524.620680642809,86.99478964958507,12437.625890993224,2525.620680642809,0.0
2024-01-10 16:25:00+00:00,12518.676139268686,86.99478964958507,12431.6813496191,2519.676139268686,0.0
2024-01-10 16:30:00+00:00,12522.907761756816,86.99478964958507,12435.912972107231,2523.9077617568164,0.0
2024-01-11 08:05:00+00:00,12525.164437879363,86.99478964958507,12438.169648229778,2526.1644378793626,0.0
2024-01-11 08:10:00+00:00,12517.421442267258,86.99478964958507,12430.426652617673,2518.4214422672576,0.0
2024-01-11 08:15:00+00:00,12506.229374797744,86.99478964958507,12419.234585148159,2507.2293747977437,0.0
2024-01-11 08:20:00+00:00,12517.394305058608,86.99478964958507,12430.399515409023,2518.3943050586076,0.0
2024-01-11 08:25:00+00:00,12518.254992027334,86.99478964958507,12431.260202377749,2519.254992027334,0.0
2024-01-11 08:30:00+00:00,12512.440707491056,86.99478964958507,12425.44591784147,2513.440707491056,0.0
2024-01-11 08:35:00+00:00,12515.834023882016,86.99478964958507,12428.839234232431,2516.8340238820165,0.0
2024-01-11 08:40:00+00:00,12531.409841297349,86.99478964958507,12444.415051647764,2532.409841297349,0.0
2024-01-11 08:45:00+00:00,12513.072950890795,86.99478964958507,12426.07816124121,2514.0729508907953,0.0
2024-01-11 08:50:00+00:00,12502.548658079253,86.99478964958507,12415.553868429668,2503.548658079253,0.0
2024-01-11 08:55:00+00:00,12497.728520778453,86.99478964958507,12410.733731128868,2498.7285207784535,0.0
2024-01-11 09:00:00+00:00,12516.594043263432,86.99478964958507,12429.599253613847,2517.5940432634325,0.0
2024-01-11 09:05:00+00:00,12523.756420179456,86.99478964958507,12436.76163052987,2524.7564201794557,0.0
2024-01-11 09:10:00+00:00,12535.749418861991,86.99478964958507,12448.754629212406,2536.749418861991,0.0
2024-01-11 09:15:00+00:00,12528.753582630705,86.99478964958507,12441.75879298112,2529.753582630705,0.0
2024-01-11 09:20:00+00:00,12521.966853637514,86.99478964958507,12434.972063987929,2522.966853637514,0.0
2024-01-11 09:25:00+00:00,12530.777054254067,86.99478964958507,12443.782264604482,2531.7770542540675,0.0
2024-01-11 09:30:00+00:00,12535.713479391736,86.99478964958507,12448.71868974215,2536.7134793917357,0.0
2024-01-11 09:35:00+00:00,12545.539282811074,86.99478964958507,12458.54449316149,2546.5392828110744,0.0
2024-01-11 09:40:00+00:00,12548.02953631797,86.99478964958507,12461.034746668385,2549.0295363179703,0.0
2024-01-11 09:45:00+00:00,12555.165707978911,86.99478964958507,12468.170918329326,2556.165707978911,0.0
2024-01-11 09:50:00+00:00,12561.108148081023,86.99478964958507,12474.113358431438,2562.1081480810226,0.0
2024-01-11 09:55:00+00:00,12573.24155179506,86.99478964958507,12486.246762145474,2574.2415517950594,0.0
2024-01-11 10:00:00+00:00,12585.679132241143,86.99478964958507,12498.684342591558,2586.6791322411427,0.0
2024-01-11 10:05:00+00:00,12573.86224643741,86.99478964958507,12486.867456787824,2574.8622464374093,0.0
2024-01-11 10:10:00+00:00,12555.79665534619,86.99478964958507,12468.801865696605,2556.79665534619,0.0
2024-01-11 10:15:00+00:00,12570.161456108122,86.99478964958507,12483.166666458537,2571.1614561081224,0.0
2024-01-11 10:20:00+00:00,12586.402376448495,86.99478964958507,12499.40758679891,2587.4023764484955,0.0
2024-01-11 10:25:00+00:00,12580.572782467083,86.99478964958507,12493.577992817498,2581.572782467083,0.0
2024-01-11 10:30:00+00:00,12566.36482072797,86.99478964958507,12479.370031078384,2567.3648207279693,0.0
2024-01-11 10:35:00+00:00,12571.722463723248,86.99478964958507,12484.727674073663,2572.7224637232484,0.0
2024-01-11 10:40:00+00:00,12585.39661079864,86.99478964958507,12498.401821149055,2586.39661079864,0.0
2024-01-11 10:45:00+00:00,12607.764690307511,86.99478964958507,12520.769900657926,2608.764690307511,0.0
2024-01-11 10:50:00+00:00,12617.322160146075,86.99478964958507,12530.32737049649,2618.3221601460755,0.0
2024-01-11 10:55:00+00:00,12617.981606559984,86.99478964958507,12530.9868169104,2618.9816065599844,0.0
2024-01-11 11:00:00+00:00,12613.414837864442,86.99478964958507,12526.420048214857,2614.4148378644422,0.0
2024-01-11 11:05:00+00:00,12617.914647862797,86.99478964958507,12530.919858213212,2618.914647862797,0.0
2024-01-11 11:10:00+00:00,12619.300496824435,86.99478964958507,12532.30570717485,2620.300496824435,0.0
2024-01-11 11:15:00+00:00,12613.511228356703,86.99478964958507,12526.516438707118,2614.511228356703,0.0
2024-01-11 11:20:00+00:00,12638.451320938035,86.99478964958507,12551.45653128845,2639.4513209380348,0.0
2024-01-11 11:25:00+00:00,12660.789355735711,86.99478964958507,12573.794566086126,2661.789355735711,0.0
2024-01-11 11:30:00+00:00,12676.627704918968,86.99478964958507,12589.632915269383,2677.6277049189684,0.0
2024-01-11 11:35:00+00:00,12671.760482746831,86.99478964958507,12584.765693097246,2672.7604827468313,0.0
2024-01-11 11:40:00+00:00,12684.780055086401,86.99478964958507,12597.785265436816,2685.7800550864013,0.0
2024-01-11 11:45:00+00:00,12695.640259307982,86.99478964958507,12608.645469658397,2696.640259307982,0.0
2024-01-11 11:50:00+00:00,12704.520331506828,86.99478964958507,12617.525541857243,2705.5203315068284,0.0
2024-01-11 11:55:00+00:00,12721.562110518897,86.99478964958507,12634.567320869312,2722.5621105188966,0.0
2024-01-11 12:00:00+00:00,12732.410975771554,86.99478964958507,12645.416186121969,2733.410975771554,0.0
2024-01-11 12:05:00+00:00,12744.328714279476,86.99478964958507,12657.333924629891,2745.328714279476,0.0
2024-01-11 12:10:00+00:00,12755.21268641211,86.99478964958507,12668.217896762524,2756.212686412109,0.0
2024-01-11 12:15:00+00:00,12763.102794593575,86.99478964958507,12676.10800494399,2764.102794593575,0.0
2024-01-11 12:20:00+00:00,12749.459382078327,86.99478964958507,12662.464592428742,2750.4593820783266,0.0
2024-01-11 12:25:00+00:00,12754.739424371248,86.99478964958507,12667.744634721663,2755.739424371248,0.0
2024-01-11 12:30:00+00:00,12753.536633936856,86.99478964958507,12666.54184428727,2754.5366339368557,0.0
2024-01-11 12:35:00+00:00,12745.003871668127,86.99478964958507,12658.009082018541,2746.0038716681265,0.0
2024-01-11 12:40:00+00:00,12766.483138281343,86.99478964958507,12679.488348631758,2767.4831382813427,0.0
2024-01-11 12:45:00+00:00,12788.478235631366,86.99478964958507,12701.483445981781,2789.4782356313663,0.0
2024-01-11 12:50:00+00:00,12806.748176446794,86.99478964958507,12719.753386797209,2807.748176446794,0.0
2024-01-11 12:55:00+00:00,12813.799045022959,86.99478964958507,12726.804255373374,2814.799045022959,0.0
2024-01-11 13:00:00+00:00,12832.017767577137,86.99478964958507,12745.022977927552,2833.0177675771374,0.0
2024-01-11 13:05:00+00:00,12836.602244407433,86.99478964958507,12749.607454757848,2837.6022444074333,0.0
2024-01-11 13:10:00+00:00,12843.13474851027,86.99478964958507,12756.139958860686,2844.1347485102706,0.0
2024-01-11 13:15:00+00:00,12836.44237457764,86.99478964958507,12749.447584928055,2837.4423745776403,0.0
2024-01-11 13:20:00+00:00,12844.956658817313,86.99478964958507,12757.961869167728,2845.956658817313,0.0
2024-01-11 13:25:00+00:00,12850.039278728118,86.99478964958507,12763.044489078533,2851.039278728118,0.0
2024-01-11 13:30:00+00:00,12841.208755013557,86.99478964958507,12754.213965363972,2842.2087550135566,0.0
2024-01-11 13:35:00+00:00,12845.15095588868,86.99478964958507,12758.156166239094,2846.150955888679,0.0
2024-01-11 13:40:00+00:00,12848.803071388113,86.99478964958507,12761.808281738528,2849.8030713881126,0.0
2024-01-11 13:45:00+00:00,12871.642221747717,86.99478964958507,12784.647432098132,2872.6422217477175,0.0
2024-01-11 13:50:00+00:00,12885.269868014555,86.99478964958507,12798.27507836497,2886.269868014555,0.0
2024-01-11 13:55:00+00:00,12889.867275338891,86.99478964958507,12802.872485689306,2890.867275338891,0.0
2024-01-11 14:00:00+00:00,12896.898364433906,86.99478964958507,12809.90357478432,2897.898364433906,0.0
2024-01-11 14:05:00+00:00,12901.835867046686,86.99478964958507,12814.8410773971,2902.835867046686,0.0
2024-01-11 14:10:00+00:00,12904.241038730543,86.99478964958507,12817.246249080958,2905.2410387305426,0.0
2024-01-11 14:15:00+00:00,12897.629791825051,86.99478964958507,12810.635002175466,2898.629791825051,0.0
2024-01-11 14:20:00+00:00,12900.565794091568,86.99478964958507,12813.571004441983,2901.565794091568,0.0
2024-01-11 14:25:00+00:00,12897.402788008127,86.99478964958507,12810.407998358542,2898.4027880081267,0.0
2024-01-11 14:30:00+00:00,12889.075496777417,86.99478964958507,12802.080707127832,2890.0754967774174,0.0
2024-01-11 14:35:00+00:00,12898.795675599848,86.99478964958507,12811.800885950262,2899.7956755998475,0.0
2024-01-11 14:40:00+00:00,12907.29286640066,86.99478964958507,12820.298076751074,2908.2928664006595,0.0
2024-01-11 14:45:00+00:00,12893.462537766194,86.99478964958507,12806.467748116609,2894.462537766194,0.0
2024-01-11 14:50:00+00:00,12896.688282183928,86.99478964958507,12809.693492534343,2897.688282183928,0.0
2024-01-11 14:55:00+00:00,12911.383801602713,86.99478964958507,12824.389011953128,2912.383801602713,0.0
2024-01-11 15:00:00+00:00,12926.748652518647,86.99478964958507,12839.753862869062,2927.748652518647,0.0
2024-01-11 15:05:00+00:00,12941.788562087411,86.99478964958507,12854.793772437826,2942.7885620874113,0.0
2024-01-11 15:10:00+00:00,12946.688850673117,86.99478964958507,12859.694061023532,2947.6888506731175,0.0
2024-01-11 15:15:00+00:00,12942.49680750235,86.99478964958507,12855.502017852765,2943.49680750235,0.0
2024-01-11 15:20:00+00:00,12935.852756738215,86.99478964958507,12848.85796708863,2936.8527567382152,0.0
2024-01-11 15:25:00+00:00,12943.89459616989,86.99478964958507,12856.899806520305,2944.89459616989,0.0
2024-01-11 15:30:00+00:00,12952.298348730441,86.99478964958507,12865.303559080856,2953.298348730441,0.0
2024-01-11 15:35:00+00:00,12970.062982980442,86.99478964958507,12883.068193330857,2971.062982980442,0.0
2024-01-11 15:40:00+00:00,12985.91869626106,86.99478964958507,12898.923906611475,2986.91869626106,0.0
2024-01-11 15:45:00+00:00,12989.069218415272,86.99478964958507,12902.074428765687,2990.069218415272,0.0
2024-01-11 15:50:00+00:00,12980.74536123304,86.99478964958507,12893.750571583454,2981.745361233039,0.0
2024-01-11 15:55:00+00:00,12981.96664707497,86.99478964958507,12894.971857425386,2982.9666470749708,0.0
2024-01-11 16:00:00+00:00,12988.722608521004,86.99478964958507,12901.727818871419,2989.722608521004,0.0
2024-01-11 16:05:00+00:00,12991.15266365769,86.99478964958507,12904.157874008104,2992.152663657689,0.0
2024-01-11 16:10:00+00:00,12989.703410857663,86.99478964958507,12902.708621208078,2990.7034108576627,0.0
2024-01-11 16:15:00+00:00,12996.831646449957,86.99478964958507,12909.836856800372,2997.8316464499567,0.0
2024-01-11 16:20:00+00:00,12996.145297815801,86.99478964958507,12909.150508166216,2997.1452978158013,0.0
2024-01-11 16:25:00+00:00,12994.17741081937,86.99478964958507,12907.182621169784,2995.1774108193695,0.0
2024-01-11 16:30:00+00:00,13001.913224897497,86.99478964958507,12914.918435247911,3002.9132248974965,0.0
2024-01-12 08:05:00+00:00,13002.28009045323,86.99478964958507,12915.285300803645,3003.2800904532305,0.0
2024-01-12 08:10:00+00:00,13009.324502996438,86.99478964958507,12922.329713346853,3010.3245029964382,0.0
2024-01-12 08:15:00+00:00,13016.673753424713,86.99478964958507,12929.678963775128,3017.673753424713,0.0
2024-01-12 08:20:00+00:00,13009.415218294394,86.99478964958507,12922.42042864481,3010.4152182943944,0.0
2024-01-12 08:25:00+00:00,13008.963033251985,86.99478964958507,12921.9682436024,3009.9630332519846,0.0
2024-01-12 08:30:00+00:00,13028.363397287912,86.99478964958507,12941.368607638327,3029.3633972879124,0.0
2024-01-12 08:35:00+00:00,13020.86393063399,86.99478964958507,12933.869140984405,3021.86393063399,0.0
2024-01-12 08:40:00+00:00,13003.501223982992,86.99478964958507,12916.506434333407,3004.501223982992,0.0
2024-01-12 08:45:00+00:00,12988.791555563297,86.99478964958507,12901.796765913712,2989.791555563297,0.0
2024-01-12 08:50:00+00:00,12993.608539928238,86.99478964958507,12906.613750278653,2994.6085399282383,0.0
2024-01-12 08:55:00+00:00,12998.445990955108,86.99478964958507,12911.451201305523,2999.445990955108,0.0
2024-01-12 09:00:00+00:00,13001.750600244532,86.99478964958507,12914.755810594947,3002.7506002445316,0.0
2024-01-12 09:05:00+00:00,13018.826816257271,86.99478964958507,12931.832026607686,3019.8268162572713,0.0
2024-01-12 09:10:00+00:00,12995.721905765591,86.99478964958507,12908.727116116006,2996.721905765591,0.0
2024-01-12 09:15:00+00:00,13004.331632065141,86.99478964958507,12917.336842415556,3005.331632065141,0.0
2024-01-12 09:20:00+00:00,13025.004923976598,86.99478964958507,12938.010134327013,3026.0049239765976,0.0
2024-01-12 09:25:00+00:00,13017.862208724331,86.99478964958507,12930.867419074746,3018.862208724331,0.0
2024-01-12 09:30:00+00:00,13018.459043975221,86.99478964958507,12931.464254325636,3019.459043975221,0.0
2024-01-12 09:35:00+00:00,13015.196672119819,86.99478964958507,12928.201882470234,3016.1966721198187,0.0
2024-01-12 09:40:00+00:00,13010.472577115732,86.99478964958507,12923.477787466147,3011.472577115732,0.0
2024-01-12 09:45:00+00:00,13011.622693695406,86.99478964958507,12924.627904045821,3012.6226936954063,0.0
2024-01-12 09:50:00+00:00,13030.920478820239,86.99478964958507,12943.925689170654,3031.9204788202387,0.0
2024-01-12 09:55:00+00:00,13054.498698686832,86.99478964958507,12967.503909037247,3055.4986986868316,0.0
2024-01-12 10:00:00+00:00,13055.552333286469,86.99478964958507,12968.557543636884,3056.5523332864686,0.0
2024-01-12 10:05:00+00:00,13079.878822221279,86.99478964958507,12992.884032571694,3080.878822221279,0.0
2024-01-12 10:10:00+00:00,13084.797055085883,86.99478964958507,12997.802265436298,3085.7970550858827,0.0
2024-01-12 10:15:00+00:00,13107.601571019284,86.99478964958507,13020.6067813697,3108.601571019284,0.0
2024-01-12 10:20:00+00:00,13111.187433049232,86.99478964958507,13024.192643399647,3112.187433049232,0.0
2024-01-12 10:25:00+00:00,13117.112785833622,86.99478964958507,13030.117996184037,3118.112785833622,0.0
2024-01-12 10:30:00+00:00,13125.485756559565,86.99478964958507,13038.49096690998,3126.485756559565,0.0
2024-01-12 10:35:00+00:00,13163.261810665168,86.99478964958507,13076.267021015583,3164.261810665168,0.0
2024-01-12 10:40:00+00:00,13176.750766666613,86.99478964958507,13089.755977017028,3177.7507666666133,0.0
2024-01-12 10:45:00+00:00,13173.926149975481,86.99478964958507,13086.931360325896,3174.926149975481,0.0
2024-01-12 10:50:00+00:00,13188.659830446466,86.99478964958507,13101.665040796881,3189.659830446466,0.0
2024-01-12 10:55:00+00:00,13189.452950254456,86.99478964958507,13102.45816060487,3190.4529502544556,0.0
2024-01-12 11:00:00+00:00,13188.90527703267,86.99478964958507,13101.910487383086,3189.9052770326707,0.0
2024-01-12 11:05:00+00:00,13203.02207634493,86.99478964958507,13116.027286695346,3204.0220763449306,0.0
2024-01-12 11:10:00+00:00,13207.939783118238,86.99478964958507,13120.944993468653,3208.9397831182378,0.0
2024-01-12 11:15:00+00:00,13215.458410624216,86.99478964958507,13128.463620974631,3216.4584106242164,0.0
2024-01-12 11:20:00+00:00,13220.201112925191,86.99478964958507,13133.206323275606,3221.2011129251914,0.0
2024-01-12 11:25:00+00:00,13228.33658640876,86.99478964958507,13141.341796759174,3229.336586408759,0.0
2024-01-12 11:30:00+00:00,13237.406882494353,86.99478964958507,13150.412092844768,3238.4068824943533,0.0
2024-01-12 11:35:00+00:00,13221.64145381272,86.99478964958507,13134.646664163134,3222.641453812719,0.0
2024-01-12 11:40:00+00:00,13233.247862300515,86.99478964958507,13146.25307265093,3234.2478623005154,0.0
2024-01-12 11:45:00+00:00,13227.522397364943,86.99478964958507,13140.527607715358,3228.5223973649427,0.0
2024-01-12 11:50:00+00:00,13216.963769028915,86.99478964958507,13129.96897937933,3217.9637690289146,0.0
2024-01-12 11:55:00+00:00,13220.946311780115,86.99478964958507,13133.95152213053,3221.946311780115,0.0
2024-01-12 12:00:00+00:00,13226.426739850076,86.99478964958507,13139.431950200491,3227.426739850076,0.0
2024-01-12 12:05:00+00:00,13223.735994935814,86.99478964958507,13136.74120528623,3224.7359949358142,0.0
2024-01-12 12:10:00+00:00,13237.074261577429,86.99478964958507,13150.079471927844,3238.074261577429,0.0
2024-01-12 12:15:00+00:00,13227.560464483846,86.99478964958507,13140.56567483426,3228.560464483846,0.0
2024-01-12 12:20:00+00:00,13227.88168955083,86.99478964958507,13140.886899901245,3228.88168955083,0.0
2024-01-12 12:25:00+00:00,13226.332479406728,86.99478964958507,13139.337689757143,3227.3324794067285,0.0
2024-01-12 12:30:00+00:00,13230.442189478214,86.99478964958507,13143.447399828628,3231.4421894782135,0.0
2024-01-12 12:35:00+00:00,13237.976745302174,86.99478964958507,13150.981955652589,3238.976745302174,0.0
2024-01-12 12:40:00+00:00,13231.977132350545,86.99478964958507,13144.98234270096,3232.9771323505447,0.0
2024-01-12 12:45:00+00:00,13244.200101869337,86.99478964958507,13157.205312219752,3245.2001018693372,0.0
2024-01-12 12:50:00+00:00,13249.469326638276,86.99478964958507,13162.474536988691,3250.4693266382765,0.0
2024-01-12 12:55:00+00:00,13234.162943869895,86.99478964958507,13147.16815422031,3235.1629438698947,0.0
2024-01-12 13:00:00+00:00,13218.174238000456,86.99478964958507,13131.179448350871,3219.174238000456,0.0
2024-01-12 13:05:00+00:00,13222.641497044344,86.99478964958507,13135.646707394759,3223.641497044344,0.0
2024-01-12 13:10:00+00:00,13224.917131589686,86.99478964958507,13137.9223419401,3225.9171315896856,0.0
2024-01-12 13:15:00+00:00,13228.428893335458,86.99478964958507,13141.434103685873,3229.4288933354583,0.0
2024-01-12 13:20:00+00:00,13232.73491690327,86.99478964958507,13145.740127253684,3233.7349169032695,0.0
2024-01-12 13:25:00+00:00,13239.709896542487,86.99478964958507,13152.715106892902,3240.7098965424866,0.0
2024-01-12 13:30:00+00:00,13254.292757386873,86.99478964958507,13167.297967737288,3255.292757386873,0.0
2024-01-12 13:35:00+00:00,13247.199023753707,86.99478964958507,13160.204234104121,3248.1990237537066,0.0
2024-01-12 13:40:00+00:00,13239.468658136317,86.99478964958507,13152.473868486732,3240.4686581363167,0.0
2024-01-12 13:45:00+00:00,13232.569903119263,86.99478964958507,13145.575113469678,3233.5699031192635,0.0
2024-01-12 13:50:00+00:00,13240.211455174067,86.99478964958507,13153.216665524482,3241.211455174067,0.0
2024-01-12 13:55:00+00:00,13257.927050642209,86.99478964958507,13170.932260992624,3258.927050642209,0.0
2024-01-12 14:00:00+00:00,13257.991963075478,86.99478964958507,13170.997173425892,3258.9919630754775,0.0
2024-01-12 14:05:00+00:00,13236.259855529033,86.99478964958507,13149.265065879448,3237.2598555290333,0.0
2024-01-12 14:10:00+00:00,13222.943842238887,86.99478964958507,13135.949052589302,3223.9438422388866,0.0
2024-01-12 14:15:00+00:00,13218.787899613475,86.99478964958507,13131.79310996389,3219.787899613475,0.0
2024-01-12 14:20:00+00:00,13217.524903652744,86.99478964958507,13130.530114003159,3218.524903652744,0.0
2024-01-12 14:25:00+00:00,13217.830705418848,86.99478964958507,13130.835915769263,3218.830705418848,0.0
2024-01-12 14:30:00+00:00,13222.832732393395,86.99478964958507,13135.83794274381,3223.8327323933954,0.0
2024-01-12 14:35:00+00:00,13224.154302724424,86.99478964958507,13137.15951307484,3225.1543027244243,0.0
2024-01-12 14:40:00+00:00,13239.78987922598,86.99478964958507,13152.795089576395,3240.7898792259803,0.0
2024-01-12 14:45:00+00:00,13237.280383259324,86.99478964958507,13150.285593609738,3238.2803832593236,0.0
2024-01-12 14:50:00+00:00,13232.811960614892,86.99478964958507,13145.817170965307,3233.811960614892,0.0
2024-01-12 14:55:00+00:00,13242.452698229035,86.99478964958507,13155.45790857945,3243.4526982290354,0.0
2024-01-12 15:00:00+00:00,13230.90052392062,86.99478964958507,13143.905734271035,3231.90052392062,0.0
2024-01-12 15:05:00+00:00,13239.601426367946,86.99478964958507,13152.606636718361,3240.6014263679463,0.0
2024-01-12 15:10:00+00:00,13245.285139753307,86.99478964958507,13158.290350103722,3246.285139753307,0.0
2024-01-12 15:15:00+00:00,13248.338822785792,86.99478964958507,13161.344033136207,3249.338822785792,0.0
2024-01-12 15:20:00+00:00,13269.685664706829,86.99478964958507,13182.690875057244,3270.685664706829,0.0
2024-01-12 15:25:00+00:00,13267.73785569739,86.99478964958507,13180.743066047806,3268.737855697391,0.0
2024-01-12 15:30:00+00:00,13294.102457039082,86.99478964958507,13207.107667389497,3295.102457039082,0.0
2024-01-12 15:35:00+00:00,13296.343296864696,86.99478964958507,13209.34850721511,3297.3432968646957,0.0
2024-01-12 15:40:00+00:00,13287.474703090862,86.99478964958507,13200.479913441277,3288.474703090862,0.0
2024-01-12 15:45:00+00:00,13292.834336439717,86.99478964958507,13205.839546790132,3293.834336439717,0.0
2024-01-12 15:50:00+00:00,13286.087926979824,86.99478964958507,13199.09313733024,3287.0879269798243,0.0
2024-01-12 15:55:00+00:00,13282.770030301283,86.99478964958507,13195.775240651697,3283.7700303012825,0.0
2024-01-12 16:00:00+00:00,13291.582822887767,86.99478964958507,13204.588033238182,3292.582822887767,0.0
2024-01-12 16:05:00+00:00,13302.077583090168,86.99478964958507,13215.082793440582,3303.0775830901675,0.0
2024-01-12 16:10:00+00:00,13300.125408136675,86.99478964958507,13213.13061848709,3301.125408136675,0.0
2024-01-12 16:15:00+00:00,13315.19596238923,86.99478964958507,13228.201172739646,3316.1959623892308,0.0
2024-01-12 16:20:00+00:00,13332.086002791882,86.99478964958507,13245.091213142297,3333.0860027918825,0.0
2024-01-12 16:25:00+00:00,13351.955832064268,86.99478964958507,13264.961042414683,3352.955832064268,0.0
2024-01-12 16:30:00+00:00,13362.220656572541,86.99478964958507,13275.225866922956,3363.220656572541,0.0
